Sentence #,Word,Pos
Sentence: 0,পূৰ্ব্বতে,ADJ
,এই,PR
,সংসাৰ-মণ্ডলত,N
,একোৱেই,ADV
,নাছিল,V
,।,।
Sentence: 1,এই,PR
,জগতৰ,N
,ভোজনেচ্ছা-ৰূপ,ADJ
,মৃত্যুৰ,N
,দ্বাৰা,PREP
,আবৃত,N
,আছিল,V
,।,।
Sentence: 2,কাৰণ,CON
,বুভুক্ষাই,N
,মৃত্যু,N
,চৰিত্ৰসমূহ,ADJ
,কমল,N
,কাব্যপ্ৰেমী,N
,ৰোমাণ্টিক,ADJ
,নলিনী,N
,ব্যৱসায়ী,N
,।,।
Sentence: 3,ধীৰেন,N
,বিপ্লৱী,ADJ
,যুৱক,N
,।,।
Sentence: 4,নবীন,N
,অভ্যষ্ট,ADJ
,সুৰাপায়ী,N
,নাৰী,N
,একাধাৰে,N
,প্ৰেয়সী,N
,অণিমা,N
,পত্নী,N
,নীলিমা,N
,ধীৰেনৰ,N
,মাক,N
,আৰু,CON
,গণিকা,N
,গণিকা,N
,নাটকৰ,N
,দৃশ্যপট,ADJ
,গুৱাহাটীৰ,N
,নৰ্থ ব্ৰুক,N
,তোৰণ,N
,।,।
Sentence: 5,সেই,PR
,তোৰণৰ,N
,আৰ্হিত,N
,মঞ্চত,N
,দৃশ্যসজ্জা,ADJ
,কৰি,V
,লʼব,V
,পাৰি,V
,।,।
Sentence: 6,গুৱাহাটীৰ,N
,শুক্লেশ্বৰ,N
,ঘাটৰ,N
,নৰ্থ,N
,ব্ৰুক,N
,গেটৰ,N
,পাঁচটা,ADJ
,তোৰণৰ,N
,তলত,PREP
,বিভিন্ন,ADJ
,উচ্চতাৰে,ADJ
,পশ্চিমৰপৰা,N
,ক্ৰমে,ADV
,প্ৰথম,ADJ
,",",","
,দ্বিতীয়,ADJ
,",",","
,মধ্যম,ADJ
,",",","
,আৰু,CON
,চতুৰ্থ,ADJ
,এই,PR
,পাঁচখন,ADJ
,প্লেটফৰ্ম,N
,মঞ্চৰূপে,N
,ব্যৱহাৰ,N
,কৰা,V
,হৈছে,V
Sentence: 7,তাৰ,PR
,উপৰি,CON
,প্ৰত্যেকখন,ADJ
,প্লেটফৰ্মৰপৰা,N
,তোৰণৰ,N
,ভিতৰলৈ,PREP
,নামি,V
,যাব,V
,পৰা,PREP
,খট্‌খটি,N
,আছে,V
Sentence: 8,নাটক,N
,আৰম্ভ,N
,হোৱাৰ,V
,পাঁচ-দহ,ADJ
,মিনিট,N
,আগতে,PREP
,দৰ্শকৰ,N
,মাজত,PREP
,নাট্যদলৰ,N
,কেইডজনমান,PR
,লʼৰা-ছোৱালী,N
,বিভিন্ন,ADJ
,ঠাইত,N
,বহি,V
,পৰে,V
,আৰু,CON
,নিজৰ নিজৰ,ADV
,কাষৰ,N
,দৰ্শকক,N
,অতি,ADJ
,স্বাভাৱিকভাৱে,ADV
,এই,PR
,খবৰটো,N
,দিয়ে,V
,কালি,PR
,ৰাতি,N
,মেডিকেল,N
,কলেজৰ,N
,মৰ্গৰপৰা,N
,আচল,N
,অভিনয়,N
,আৰম্ভ,N
,হোৱাৰ,V
,আগে আগে,ADV
,মুঠতে,ADV
,দৰ্শকৰ,N
,মাজত,PREP
,মেডিকেল,N
,কলেজৰ,N
,মৰ্গৰপৰা,N
,এজনী,ADJ
,তিৰোতা,N
,মানুহৰ,N
,মৰা,ADJ
,শ,N
,নোহোৱা,V
,হোৱা,V
,খবৰ,N
,এটা,ADJ
,যিমান,ADV
,পাৰি,V
,প্ৰচাৰ,N
,হৈ,V
,পৰিব,V
,লাগে,V
,।,।
Sentence: 9,দৰ্শকৰ,N
,মাজত,PREP
,কিবাকিবি,PR
,খাই,V
,থকা,V
,অৱস্থা,N
,আৰু,CON
,মৰা,ADJ
,শৰ,N
,খবৰটো,N
,অৱলীলাক্ৰমে,ADV
,প্ৰচাৰ,N
,হৈ,V
,পৰাৰ,PREP
,পিছত,ADJ
,নাটক,N
,আৰম্ভ,N
,হয়,V
,।,।
Sentence: 10,প্ৰথমে,ADV
,নবীন,N
,প্ৰথম,ADJ
,মঞ্চলৈ,N
,ভিতৰৰপৰা,N
,কিবা,ADJ
,এটা,ADJ
,খাই খাই,ADV
,উঠি,V
,আহে,V
,দ্বিতীয়,ADJ
,মঞ্চ,N
,অতিক্ৰম,N
,কৰি,V
,মধ্যম,ADJ
,মঞ্চলৈ,N
,আহে,V
,মধ্যম,ADJ
,মঞ্চৰ,N
,ভিতৰৰ,N
,পিনে,ADV
,তললৈ,ADJ
,কিবা,ADJ
,এটা,ADJ
,গভীৰভাৱে,ADJ
,অলপ,ADJ
,সময়,N
,চাই,V
,মঞ্চৰ,N
,সমুখলৈ,ADV
,আহে,V
,",",","
,মুখত,N
,সামান্য,ADJ
,বিকৃত,ADJ
,ভাব,N
,প্ৰকাশ,ADJ
,হয়,V
,।,।
Sentence: 11,আগুৱাই,V
,আহি,V
,বহেহি,V
,",",","
,আৰু,CON
,কান্ধৰপৰা,N
,এটা,ADJ
,মোনাত,N
,থকা,V
,কিবাকিবি,PR
,বস্তুৰ,N
,মাজৰপৰা,PREP
,এটা,ADJ
,ডাঙৰ,ADJ
,চিলিম,N
,উলিয়াই,V
,তাত,PR
,ভাং,N
,সংযোগ,N
,কৰাৰ,V
,ব্যৱস্থা,V
,কৰে,V
,।,।
Sentence: 12,তেনেতে,ADV
,তৃতীয়,ADJ
,মঞ্চত,N
,নলিনীয়ে,N
,দেখা,N
,দিয়ে,N
Sentence: 13,নলিনীৰ,N
,হাতত,N
,এটা,ADJ
,কʼলা,ADJ
,বিজনেছ,N
,বেগ,N
,।,।
Sentence: 14,তেওঁ,PR
,মধ্যম,ADJ
,মঞ্চলৈ,N
,আহি,V
,নবীনৰ,N
,দৰে,ADV
,মঞ্চৰ,N
,ভিতৰলৈ,PREP
,",",","
,তললৈ,ADJ
,কিবা,ADJ
,চায়,V
,আৰু,CON
,দৰ্শকৰ,N
,পিনে,ADV
,আগুৱাই,V
,আহি,V
,কিবা,ADJ
,এটা,ADJ
,ঘৃণা,N
,ভাবত,N
,থুই,N
,পেলায়,V
,।,।
Sentence: 15,মঞ্চৰ,N
,একাষত,ADJ
,বহি,V
,চামৰাৰ,N
,বেগৰপৰা,N
,কিছুমান,ADJ
,কাগজ-পত্ৰ,N
,উলিয়াই,V
,পঢ়িবলৈ,V
,ধৰে,V
,।,।
Sentence: 16,তাৰ,PR
,পিছত,ADJ
,দ্বিতীয়,ADJ
,মঞ্চৰ,N
,ভিতৰৰ,N
,পৰা,PREP
,উঠি,V
,আহি,V
,থিয়,ADJ
,হয়,V
,কমল,N
,।,।
Sentence: 17,কিবা,ADJ
,খাই খাই,ADV
,উঠি,V
,আহে,V
,",",","
,হাতত,N
,",",","
,দুখনমান,ADJ
,গ্ৰন্থ,N
,।,।
,তেৱোঁ,PR
,মধ্যম,ADJ
,মঞ্চলৈ,N
,আহি,V
,ভিতৰৰ,N
,পিনে,ADV
,তললৈ,ADJ
,চায়,V
,আৰু,CON
,বিতৃষ্ণাৰ,N
,ভাবেৰে,N
,",",","
,ওকালি,N
,অহাৰ,V
,নিচিনা,ADJ
,দৰ্শকৰ,N
,পিনে,ADV
,আগুৱাই,V
,আহে,V
,নবীন,N
,আৰু,CON
,নলিনীৰ,N
,পাছতে,N
,একাষত,ADJ
,বহে,V
,আৰু,CON
,গ্ৰন্থ,N
,মেলি,V
,লয়,V
,।,।
Sentence: 18,তাৰ,PR
,কমল,N
,:,:
,ধীৰেনে,N
,বমি,N
,কৰাৰ,V
,শব্দ,N
,শুনি,N
,পিছলৈ,ADJ
,ঘূৰি,V
,নোচোৱাকৈয়ে,V
,গ্ৰন্থৰ,N
,পৰা,PREP
,মূৰ,N
,দাঙি,V
,সেইটোৱে,PR
,বতিয়াইছে,V
,।,।
Sentence: 19,নবীন,N
,:,:
,হাতত,N
,চিলিমটো,N
,লৈ,V
,থিয়,ADJ
,হয়,N
,নবতিয়াব,V
,!,!
Sentence: 20,চিলিমত,N
,টান,V
,মাৰে,V
,ব্যোম ব্যোম,ADV
,",",","
,যি,PR
,দুৰ্গন্ধ,ADJ
,উঠিছে,V
,নলিনী,N
,ওৱাক,N
,নবীন,N
,তোৰো,PR
,নেকি,CON
,নলিনী,N
,?,?
Sentence: 21,নলিনী,N
,যি,PR
,দুৰ্গন্ধ,ADJ
,উঠিছে,V
,",",","
,আমি,PR
,এতিয়া,ADV
,ধৰা,V
,নপৰিলেই,V
,হʼল,V
,!,!
Sentence: 22,অমল,N
,:,:
,আগেয়ে,ADJ
,এই,PR
,পাৰ্কত,N
,বেঞ্চ-তেঞ্চ,N
,নাছিল,V
,ভাল,ADJ
,আছিল,V
Sentence: 23,মানুহ-দুনুহ,N
,কম,ADJ
,আছিল,V
Sentence: 24,আজিকালি,PR
,পাৰ্কখনত,N
,বতাহ,N
,খোৱা,V
,মানুহৰ,N
,প্ৰকোপ,N
,চৰিল,V
Sentence: 25,মৰক,ADJ
,দে,V
,কিছুমান,PR
,এই,PR
,দূষিত,ADJ
,দূষিত,ADJ
,বতাহ,N
,খায়,V
Sentence: 26,মুখৰ,N
,বমি,N
,হাতেৰেই,N
,মচি,ADV
,আগলৈ,N
,আহে,V
,।,।
Sentence: 27,থুই,N
,পেলায়,V
,আৰু,CON
,কয়,V
,থুহ্‌,N
,টেঙা,ADJ
,ধীৰেন,N
,।,।
Sentence: 28,বাৰু,CON
,কমল,N
,কমলক,N
,উদ্দেশ্য,N
,কৰি,V
,তই,PR
,ভাৰী,N
,সাহিত্যিক,ADJ
,নহয়,V
,",",","
,এই,PR
,গোন্ধটোৰ,N
,এটা,ADJ
,তুলনা,N
,দেচোন,V
,।,।
Sentence: 29,মৰাশৰ,N
,আকৌ,ADV
,কিহৰ,PR
,তুলনা,N
,হয়,V
,?,?
Sentence: 30,ওহোঁ,CON
,কৰিছ,V
,",",","
,এইটো,PR
,জানো,V
,মৰাশৰ,N
,গোন্ধ,ADJ
Sentence: 31,নলিনী,N
,আৰু,CON
,কিহৰ,PR
,নবীন,N
,ভালকৈ,ADJ
,শুঙি,N
,চাচোন,V
Sentence: 32,এটাইকেটাই,PR
,ঘূৰি,ADV
,চাৰিওপিনৰ,ADV
,বতাহ,N
,শুঙে,V
,নবীন,N
,:,:
,কিছুপৰৰ,ADJ
,পাছত,N
,কিবা,ADJ
,পাইছনে,V
Sentence: 33,পাইছোঁ,V
,শুঙি-থাকে,V
,।,।
Sentence: 34,বুজা,V
,নাই,V
,শুঙি-চায়,V
,নবীন,N
,:,:
Sentence: 35,ডাষ্টবিনৰ,N
,পচা,V
,জাবৰৰ,N
,গোন্ধ,ADJ
,?,?
Sentence: 36,জানো,CON
,নবীন,N
Sentence: 37,ফ্ল্যাচ,N
,নোহোৱা,V
,লেট্ৰিনৰ,N
,গোন্ধ,ADJ
Sentence: 38,বেশ্যাৰ,N
,যৌন,ADJ
,ৰোগগ্ৰস্ত,ADJ
,গলিত,ADJ
,যোনিগহ্বৰৰ,N
,গোন্ধ,ADJ
,?,?
Sentence: 39,আৰু,CON
,জোৰে,ADV
,শুঙে,V
,নবীন,N
,শগুন,N
,আৰু,CON
,শিয়ালে,N
,টনা-আঁজোৰা,N
,কৰি,V
,থকা,V
,মৰা,V
,পচিবলৈ,V
,ধৰা,V
,জন্তুৰ,N
,গোন্ধ,ADJ
,!,!
Sentence: 40,তিনিজনে,ADJ
,খুব,ADJ
,দীঘলীয়াকৈ,ADJ
,এবাৰ,ADV
,শুঙি,V
,হঠাৎ,ADV
,ৰৈ,V
,যায়,V
,।,।
Sentence: 41,এই,PR
,এটাইবোৰ,ADJ
,গোন্ধৰ,ADJ
,সংমিশ্ৰণ,N
,নবীন,N
,।,।
Sentence: 42,কমল,N
,",",","
,নলিনী,N
,আৰু,CON
,ধীৰেন,N
,আমি,PR
,এটাইবোৰ,ADJ
,দুৰ্গন্ধৰ,ADJ
,সংমিশ্ৰণ,N
,।,।
Sentence: 43,পৃথিৱীৰ,N
,আদিমতম,ADJ
,যুগৰপৰা,N
,পুঞ্জীভূত,ADJ
,হৈ,V
,থকা,V
,সমস্ত,ADJ
,দুৰ্গন্ধ,ADJ
,।,।
Sentence: 44,পৃথিৱীৰ,N
,আদিমতম,ADJ
,যুগৰপৰা,N
,পুঞ্জীভূত,ADJ
,হৈ,V
,থকা,V
,সমস্ত,ADJ
,দুৰ্গন্ধ,ADJ
,।,।
Sentence: 45,এই,PR
,দুৰ্গন্ধৰপৰা,ADJ
,এতিয়া,ADV
,নিবৃত্তি,N
,অলপ,ADJ
,সময়,N
,কমলৰ,N
,চকুলৈ,N
,চাই,V
,ৰয়,V
,তাৰ,PR
,পিছত,ADJ
,হাতৰ,N
,চিলিমটো,N
,কমললৈ,N
,আগবঢ়াই,V
,দিয়ে,V
,হোঁ,CON
,",",","
,এক,ADJ
,টান,N
,মাৰিবি,V
,নেকি,CON
,?,?
Sentence: 46,কমল,N
,:,:
,নালাগে,V
,",",","
,কিতাপখনৰ,N
,আৰু,CON
,দুটামান,ADJ
,অধ্যায়,N
,বাকী,ADJ
,আছে,V
,",",","
,শেষ,ADJ
,কৰি,V
,পেলাওঁ,V
,।,।
Sentence: 47,কিতাপ,N
,পঢ়িবলৈ,V
,বহে,V
,নবীন,N
,:,:
,তহঁতৰ,PR
,কোনোবাই,PR
,টানিবি,V
,নেকি,CON
Sentence: 48,নলিনী,N
,:,:
,গাঞ্জা,N
,টানি,V
,এতিয়া,ADV
,মূৰটো,N
,ঢিলা,ADJ
,কৰিব,V
,নোৱাৰোঁ,V
,ইয়েৰ,N
,এণ্ডিঙৰ,N
,টেক্সৰ,N
,হিচাপখিনি,N
,শেষ,ADJ
,কৰাত,V
,আছোঁ,V
,ভাগ্য,N
,ভাল,ADJ
,কাগজবোৰ,N
,লগতে,PREP
,আছিল,V
Sentence: 49,নবীন,N
,:,:
,হেৰ,INT
,",",","
,সমাজ,N
,বিপ্লৱী,N
,টানিবি,V
,নেকি,CON
,?,?
Sentence: 50,ধীৰেনে,N
,মূৰ,N
,জোকাৰে,V
,আৰু,CON
,হাতৰ,N
,ৰিভলভাৰটো,N
,চাফা,ADJ
,কৰি,V
,থাকে,V
,বাৰু,CON
,তেন্তে,ADV
,ময়ে,N
,টানো,V
,।,।
Sentence: 51,মাল,N
,আৰু,CON
,বেছি,ADJ
,নায়ো,V
,শেষ,ADJ
,হৈ,V
,আহিছে,V
,।,।
Sentence: 52,যেনে-তেনে,ADV
,তিনি-চাৰি,ADJ
,ঘণ্টা,N
,পাৰ,N
,হʼলেই,ADJ
,হʼল,V
,।,।
Sentence: 53,ঘড়ী,N
,চাই,V
,আঠ,ADJ
,বাজিছে,V
,।,।
Sentence: 54,এ,CON
,অলপ,ADJ
,পিছতে,ADJ
,নাইট শ্ব,N
,আৰম্ভ,N
,হʼব,V
,",",","
,শ্ব,N
,শেষ,ADJ
,হʼলে,V
,",",","
,চিনেমাৰ,N
,মানুহখিনি,N
,পাৰ,N
,হৈ,V
,গʼলেই,V
,আমি,PR
,আৰম্ভ,N
,কৰিব,V
,পাৰিম,V
,।,।
Sentence: 55,ঐ,CON
,নলিনী,N
,বিৰলাৰ,N
,",",","
,বৰপুত্ৰ,N
,।,।
Sentence: 56,কি,CON
,?,?
Sentence: 57,তোৰ,PR
,লাইফ,N
,ইন্সিওৰেঞ্চৰ,N
,ইনকাম,N
,টেক্সৰ,N
,কাগজবোৰ,N
,থচোন,V
,।,।
Sentence: 58,তোৰ,PR
,হাতত,N
,পইচা,N
,আছে,V
,নহয়,V
,?,?
Sentence: 59,আছে,V
,।,।
Sentence: 60,ভজা,N
,বাদাম,N
,চানাচুৰকে,N
,অলপ,ADJ
,কিনি,V
,আনচোন,V
,।,।
Sentence: 61,কিবাকিবি,PR
,চোবাই,V
,থাকোঁ,V
,।,।
Sentence: 62,সেইটো,PR
,চানাচুৰৱালা,N
,।,।
Sentence: 63,সেইফালে,PR
,যোৱাটো,V
,ঠিক,ADJ
,হʼব,V
,জানো,CON
,?,?
Sentence: 64,একো,ADJ
,নহয়,V
,যা,V
,",",","
,সেইফালে,PR
,আন্ধাৰ,N
,হৈ,V
,আছে,V
,।,।
Sentence: 65,নলিনী,N
,দৰ্শকৰ,N
,একাষত,ADJ
,থকা,V
,চানাচুৰৱালাৰ,N
,পিনে,ADV
,যায়,V
,",",","
,নবীনে,N
,চিলিমত,N
,গাঞ্জা,N
,টানে,V
,।,।
Sentence: 66,মাত্ৰ,ADJ
,এঘণ্টাৰ,N
,কাৰণে,CON
,আজি,PR
,পুৱা,N
,বেলিটো,N
,কাষলতিৰ,N
,তলত,PREP
,সুমাই,V
,থʼব,V
,পৰা,PREP
,হʼলে,V
,।,।
Sentence: 67,আগুৱাই,V
,আহি,V
,নাইবা,CON
,মহাকালৰ,N
,বুকুত,N
,অতি,ADJ
,পাৰ্থিৱ,N
,দুৰ্যোগৰ,N
,সৃষ্টি,N
,হৈ,V
,অলপ,ADJ
,সময়ৰ,N
,কাৰণে,CON
,পৃথিৱীখনক,N
,অন্ধকাৰে,ADJ
,আচ্ছন্ন,ADJ
,কৰি,V
,পেলোৱা,V
,হʼলে,V
,।,।
Sentence: 68,নাইবা,CON
,মানুহজনীৰ,N
,মৃত্যু,N
,আৰু,CON
,এঘণ্টাৰ,N
,আগতে,N
,হৈ,V
,যোৱা,V
,হʼলে,V
,।,।
Sentence: 69,নাইবা,CON
,এক,ADJ
,ৰহস্যময়,ADV
,মায়াচ্ছন্ন,ADJ
,পৰিৱেশত,N
,এই,PR
,নৰ্থ,N
,ব্ৰুক,N
,গেট,N
,পাৰ্কখন,N
,অলপ,ADJ
,সময়লৈকে,N
,জনশূন্য,ADJ
,হৈ,V
,পৰা,PREP
,হʼলে,V
,",",","
,নাইবা,CON
,আমি,PR
,চাৰিটা,ADJ
,অদেহী,ADJ
,অদৃশ্যমান,ADJ
,শক্তিলৈ,N
,ৰূপান্তৰিত,ADJ
,হʼব,V
,পৰা,V
,হʼলে,V
,!,!
Sentence: 70,বাদাম,N
,ভজাৰ,N
,টোপোলা,N
,লৈ,V
,মধ্যম,ADJ
,মঞ্চত,N
,উঠি,V
,নাইবা,CON
,আমি,PR
,এতিয়া,ADV
,বাদাম,N
,ভজা,N
,খাব,V
,পৰা,PREP
,হʼলে,V
,!,!
Sentence: 71,দে,V
,",",","
,টোপোলাটো,N
,দে,V
,টোপোলাটো,N
,হাতত,N
,লৈ,V
,ৰ,V
,",",","
,ময়ে,PR
,ভগাই,V
,দিওঁ,V
,!,!
Sentence: 72,টোপোলা,N
,খোলে,V
,",",","
,আহ,INT
,",",","
,এসোপা,PR
,আনিলি.,V
,!,!
Sentence: 73,বহুত,ADJ
,সময়,N
,ধৰি,N
,খাব,V
,পাৰিম,V
,!,!
Sentence: 74,হোঁ,CON
,হোঁ,CON
,কমল,N
,নলিনী,N
,ধীৰেন,N
,বাদামকে,N
,খাই,V
,থাকোঁ,V
,!,!
Sentence: 75,নবীনৰপৰা,N
,বাদাম,N
,হাতত,N
,লৈ,V
,বাদাম,N
,খাই খাই,ADV
,যাৰ,PR
,যি,PR
,ইচ্ছা,N
,এতিয়া,ADV
,কৰি,V
,থাক,V
,আৰু,CON
,দুই-তিনি,ADJ
,ঘণ্টা,N
,সময়,N
,যাব,V
,বাদাম,N
,খাই খাই,ADV
,কাপোৰৰ,N
,ভিতৰত,PREP
,বন্দুকটো,N
,লৈ,V
,মধ্যম,ADJ
,মঞ্চৰ,N
,ভিতৰৰ,PREP
,পিনে,ADV
,তললৈ,ADJ
,নামি,V
,যায়,V
,আৰু,CON
,দৰ্শকৰপৰা,N
,অদৃশ্য,ADJ
,হৈ,V
,পৰে,V
,।,।
Sentence: 76,নামি,V
,যাওঁতে,V
,পূৰ্বৰ,ADJ
,দৰে,ADJ
,তলৰ,N
,একাষলৈ,ADJ
,নিৰীক্ষণ,N
,কৰি,N
,নামি,V
,যায়,V
,।,।
Sentence: 77,নবীনৰ,N
,হাতৰপৰা,N
,বাদাম,N
,লৈ,V
,কাটি,V
,যাব,V
,আৰু,CON
,এইখিনি,PR
,সময়হে,N
,পৰ্টফলিঅʼ,N
,বেগটো,N
,হাতত,N
,লৈ,V
,মধ্যম,ADJ
,মঞ্চৰ,N
,তললৈ,ADJ
,ধীৰেনৰ,N
,দৰে,ADJ
,নামি,V
,যায়,V
,।,।
Sentence: 78,নবীনৰ,N
,হাতৰপৰা,N
,বাদাম,N
,লৈ,V
,গোটেই,ADJ
,দিনটো,N
,কটালোঁৱেই,V
,।,।
Sentence: 79,বাদাম,N
,আৰু,CON
,গ্ৰন্থকেইখন,N
,লৈ,V
,মধ্যম,ADJ
,মঞ্চৰ,N
,তললৈ,ADJ
,আগৰ,N
,দুজনৰ,ADJ
,দৰে,ADJ
,নামি,V
,যায়,V
,।,।
Sentence: 80,বাদাম,N
,আৰু,CON
,গাঞ্জাৰ,N
,মোনাটো,N
,লৈ,V
,আৰু,CON
,অলপ,ADJ
,সময়ৰ,N
,পিছত,ADJ
,আমি,PR
,কাম,N
,আৰম্ভ,N
,কৰিব,V
,পাৰিম,V
,।,।
Sentence: 81,আৰম্ভ,N
,হʼলে,V
,শেষ,ADJ
,হʼব,V
,তৎক্ষণাৎ,ADV
Sentence: 82,মধ্যম,ADJ
,মঞ্চৰ,N
,তললৈ,ADJ
,আগৰকেইজনৰ,ADJ
,দৰে,ADJ
,নামি,V
,যায়,V
,।,।
Sentence: 83,অলপ,ADJ
,নীৰৱতাৰ,ADJ
,পিছত,ADJ
,চতুৰ্থ,ADJ
,মঞ্চলৈ,N
,উঠি,V
,আহে,V
,আৰু,CON
,গহীন,ADJ
,স্বৰত,N
,কয়,V
,একমাত্ৰ,ADJ
,বৃত্তিধাৰী,N
,বিপ্লৱীৰ,N
,দলটোৱে,N
,বুৰ্জোৱা,N
,প্ৰভাৱৰপৰা,N
,শ্ৰমিকক,N
,ৰক্ষা,N
,কৰিব,V
,পাৰিব,V
,আৰু,CON
,সমাজৰ,N
,পৰিৱৰ্তন,N
,হʼব,V
,।,।
Sentence: 84,আমাক,PR
,লাগে,V
,এটা,ADJ
,সুসংবদ্ধ,ADJ
,দল,N
,",",","
,এদল,ADJ
,বৃত্তিধাৰী,N
,বিপ্লৱী,N
,",",","
,কট্‌কটীয়া,ADJ
,শৃংখলা,N
,আৰু,CON
,আপোচবিহীন,N
,মনোভাব,N
,।,।
Sentence: 85,কোনো,PR
,গণতান্ত্ৰিক,N
,পদ্ধতিত,N
,প্ৰলিটেৰিয়েটৰ,N
,ক্ষমতা,N
,স্থাপন,N
,হʼব,V
,নোৱাৰে,V
,।,।
Sentence: 86,সেই,PR
,লক্ষ্যত,N
,উপনীত,ADJ
,হʼবলৈ,V
,এদল,ADJ
,বৃত্তিধাৰী,N
,বিল্পৱী,N
,অপৰিহাৰ্য,ADJ
,।,।
Sentence: 87,ধীৰেন,N
,হঠাৎ,ADV
,বহি,V
,পৰে,V
,আৰু,CON
,তেওঁ,PR
,বাদাম,N
,খাবলৈ,V
,ধৰে,V
,।,।
Sentence: 88,নলিনী,N
,তৃতীয়,ADJ
,মঞ্চলৈ,N
,ভিতৰ,N
,পিনৰপৰা,ADV
,উঠি,V
,আহে,V
,আৰু,CON
,কয়,V
,।,।
Sentence: 89,নলিনী,N
,নলিনী,N
,বহি,V
,যায়,V
,আৰু,CON
,বেগাই,ADV
,বাদাম,N
,খাবলৈ,V
,ধৰে,V
,।,।
Sentence: 90,কমল,N
,দ্বিতীয়,ADJ
,মঞ্চলৈ,N
,উঠি,V
,আহে,V
,।,।
Sentence: 91,ৰাত্ৰি,N
,",",","
,প্ৰেয়সী,N
,মোৰ,PR
,",",","
,প্ৰসন্ন,N
,হোৱা,V
,;,;
,নিদ্ৰা,N
,নিদিবা,V
,",",","
,তোমাৰ,PR
,মনত,N
,আছে,V
,ৰাত্ৰি,N
,আমাৰ,PR
,মিলনৰ,N
,অনুষ্ঠান,N
,?,?
Sentence: 92,সেই,PR
,নগ্নতাৰ,N
,শপথ,N
,যৌতুকৰ,N
,বিনিময়,N
,?,?
Sentence: 93,তুমি,PR
,মোক,PR
,দিছিলা,V
,তোমাৰ,PR
,জোন,N
,",",","
,অনেক,ADJ
,জোন,N
,",",","
,আৰু,CON
,অনেক,ADJ
,তৰা,N
,",",","
,তৰাভৰা,N
,আকাশ,N
,",",","
,অনন্ত,ADJ
,জুউৰ,N
,নিশ্বাস,N
,পৰা,CON
,অন্ধকাৰ,N
,।,।
Sentence: 94,আৰু,CON
,বিশাল,ADJ
,দেশ-মহাদেশ,N
,জনতাময়,N
,নিৰ্জনতা,ADJ
,আৰু,CON
,অনিদ্ৰাৰ,N
,তীব্ৰ,ADJ
,মধুৰ,ADJ
,উন্মাদনা,N
,আৰু,CON
,মই,PR
,তোমাক,PR
,দিছিলোঁ,V
,মোৰ,PR
,প্ৰেম,N
,আৰু,CON
,প্ৰাণ,N
,",",","
,মোৰ,PR
,আত্মাৰ,N
,নিৰ্যাস,N
,সত্তাৰ,N
,সৌৰভ,N
,কমল,N
,বহে,V
,আৰু,CON
,খৰকৈ,ADV
,বাদাম,N
,খাবলৈ,V
,ধৰে,V
,।,।
Sentence: 95,নবীন,N
,প্ৰথম,ADJ
,মঞ্চলৈ,N
,ভিতৰ,N
,পিনৰপৰা,ADV
,উঠি,V
,আহে,V
,।,।
Sentence: 96,ব্যোম-ব্যোম,ADV
,ভাং,N
,",",","
,কানি,N
,",",","
,লাওপানী,N
,",",","
,চাহ,N
,",",","
,আপাং,N
,",",","
,ৰুই কাকিয়াত্‌ এল এল ডি,N
,",",","
,মেৰিজুৱানা,N
,",",","
,হাচ্চি,N
,",",","
,মদ,N
,",",","
,ব্ৰাণ্ডি,N
,",",","
,স্কট্‌চ,N
,হুইস্কি,N
,",",","
,ৰাম,N
,",",","
,জীন,N
,",",","
,চেম্পেন,N
,",",","
,বিহাইভ্‌,N
,",",","
,ৰেডলেবেল,N
,",",","
,কনে,N
,",",","
,গʼল্ডেন ঈগল,N
,",",","
,দি পিংক পান্থাৰ,N
,",",","
,ভেট-ছিক্সটি-নাইন,N
,",",","
,এইটো,PR
,আকৌ,ADV
,পোপৰ,N
,টেলিফোন,N
,নাম্বাৰ,N
,।,।
Sentence: 97,ধীৰেন,N
,বহাৰপৰা,V
,উঠে,V
,আৰু,CON
,কয়,V
,।,।
Sentence: 98,শান্তি,N
,নহয়,V
,",",","
,গণযুদ্ধহে,N
,",",","
,বন্ধুক,N
,উলিয়াই,V
,লোৱা,V
,",",","
,বুৰ্জোৱা,N
,আৰু,CON
,ধনতান্ত্ৰিকলৈ,N
,লক্ষ্য,V
,কৰা,V
,।,।
Sentence: 99,ধৰ্মপ্ৰচাৰকসকলে,N
,ভবাৰ,N
,দৰে,ADJ
,যুদ্ধ,N
,দুৰ্ঘটনা,N
,বা,CON
,পাপ,N
,নহয়,V
,।,।
Sentence: 100,সকলো,PR
,সুবিধাবাদীৰ,N
,দৰে,ADJ
,এওঁলোকেও,PR
,দেশপ্ৰেম,N
,মানৱতা,N
,আৰু,CON
,শান্তিৰ,N
,বাণী,N
,প্ৰচাৰ,N
,কৰে,V
,।,।
Sentence: 101,যুদ্ধ,N
,ধনতন্ত্ৰৰে,N
,এটা,ADJ
,স্বাভাৱিক,ADJ
,ৰূপ,N
,।,।
Sentence: 102,বিনা,CON
,সংগ্ৰামে,N
,সমস্ত,ADJ
,বুৰ্জোৱাৰ,N
,উছনত,ADJ
,বিশ্বাস,N
,কৰাজন,N
,মূৰ্খ,N
,।,।
Sentence: 103,ধীৰেন,N
,বহি,V
,যায়,V
,আৰু,CON
,অতি,ADJ
,খৰকৈ,ADJ
,বাদাম,N
,ভজা,N
,খাবলৈ,V
,ধৰে,V
,।,।
Sentence: 104,নলিনী,N
,হঠাৎ,ADV
,বহি,V
,যায়,V
,আৰু,CON
,বেগাই,ADJ
,বাদাম,N
,ভজা,N
,খাবলৈ,V
,লয়,V
,।,।
Sentence: 105,অকস্মাৎ,ADV
,উচ্ছ্বসিত,ADJ
,কলৰৱ,N
,আকাশত,N
,আৱৰ্তিত,V
,",",","
,আলোড়িত,ADJ
,হয়,V
,",",","
,সেয়া,PR
,বন্দী,N
,বন্যাবাৰিৰ,N
,গুহা,N
,বিদাৰণৰ,N
,কলৰোল,N
,?,?
Sentence: 106,নাইবা,CON
,সেয়া,PR
,ঘূৰ্ণ,ADJ
,তাণ্ডৱী,N
,উন্মাদ,ADJ
,সাধকৰ,N
,ৰুদ্ৰমত্ত,N
,উচ্চাৰণ,N
,?,?
Sentence: 107,সেয়া,PR
,দাবাগ্নিবেষ্টিত,N
,মহাৰণ্যৰ,N
,আত্মঘাতী,ADJ
,প্ৰলয়,N
,নিনাদ,N
,?,?
Sentence: 108,এই,PR
,ভীষণ,N
,কোলাহলৰ,N
,তালে তালে,ADV
,এটা,ADJ
,অস্ফুট,ADJ
,ধ্বনিধাৰা,N
,বিসৰ্পিত,N
,হয়,V
,যেন,ADJ
,অগ্নিগিৰি,N
,নিঃসৃত,ADJ
,গদ্‌,ADV
,কলমুখৰ,N
,পংকস্ৰোত,N
,তাত,PR
,একত্ৰ,ADJ
,মিলিছে,V
,",",","
,পৰশ্ৰীকাতৰতাৰ,N
,ফুচ্‌ফুচনি,N
,",",","
,কুৎসিত,ADJ
,জনশ্ৰুতি,N
,",",","
,অৱজ্ঞাৰ,N
,হাঁহি,N
,।,।
Sentence: 109,তাত,PR
,মানুহবোৰ,N
,বুৰঞ্জীৰ,N
,চিঙা,V
,ফলা,V
,পৃষ্ঠাৰ,N
,দৰে,ADJ
,।,।
Sentence: 110,ইতস্ততঃ,CON
,ঘূৰি,V
,ফুৰিছে,V
,জোঁৰবন্তিৰ,N
,আলোছায়াত,N
,সিহঁতৰ,PR
,মুখত,N
,বিভীষিকাৰ,N
,প্ৰলেপ,N
,।,।
Sentence: 111,কোনো,PR
,এসময়ত,ADJ
,অকাৰণ,N
,সন্দেহতে,N
,কোনো,PR
,এক,ADJ
,পাগলে,N
,তাৰ,PR
,প্ৰতিবেশীক,N
,হঠাৎ,ADV
,মাৰে,V
,চাওঁতে চাওঁতে,ADV
,নিবিচাৰ,N
,বিবাদ,N
,বিক্ষুব্ধ,ADJ
,হৈ,V
,উঠে,V
,দিশে দিশে,ADV
,কোনো,PR
,নাৰীয়ে,N
,আৰ্ত্তস্বৰে,ADJ
,বিলাপ,N
,কৰে,V
,কয়,V
,",",","
,হায়,INT
,আমাৰ,PR
,দিশহাৰা,ADJ
,সন্তান,N
,উছন,ADJ
,গʼল,V
,কোনো,PR
,কামিনীয়ে,N
,যৌৱন,N
,মদবিলাসত,N
,নগ্ন,N
,দেহে,N
,অট্টহাস্য,N
,কৰে,V
,।,।
Sentence: 112,কমল,N
,হঠাৎ,ADV
,বহি,V
,যায়,V
,আৰু,CON
,অতি,ADJ
,খৰকৈ,ADJ
,বাদাম,N
,ভজা,N
,খাবলৈ,V
,ধৰে,V
,।,।
Sentence: 113,ব্যোম-ব্যোম,N
,এটা,ADJ
,ধুনীয়া,ADJ
,ককটেলৰ,N
,কথা,N
,কওঁ,V
,ৰাম,N
,",",","
,স্কটচ্‌ ইটালিয়ান ভাৰমাউথ্‌,N
,লগত,PREP
,পাইন এপল জুইচ,N
,।,।
Sentence: 114,নাইবা,CON
,আৰু,CON
,এটা,ADJ
,দুই,ADJ
,আউন্স ৰাম,N
,আধা,ADJ
,আউন্স জিঞ্জাৰ ৱাইন,N
,।,।
Sentence: 115,নাইবা,CON
,আৰু,CON
,এটা,ADJ
,দুই,ADJ
,আউন্স ৰাম,N
,",",","
,আধা,ADJ
,ৱাইন,N
,দুই,ADJ
,ৰʼজ চিৰাপ,N
,ইত্যাদি,CON
,।,।
Sentence: 116,দেখা,V
,যায়,V
,এটা,ADJ
,সময়ত,N
,চাৰিওজনে,ADJ
,খৰধৰকৈ,N
,বাদাম,N
,ভজা,N
,খাবলৈ,V
,ধৰিছে,V
,।,।
Sentence: 117,পোহৰ,N
,কমি,ADJ
,আহে,V
,।,।
Sentence: 118,কেটামান,ADJ
,দীঘলীয়া,ADJ
,নীৰৱ,N
,মুহূৰ্ত,N
,অতিবাহিত,ADV
,হয়,V
,।,।
Sentence: 119,মধ্যম,ADJ
,মঞ্চলৈ,N
,লাহে লাহে,ADV
,উঠি,V
,আহে,V
,নাৰী,N
,হাতত,N
,এটা,ADJ
,বেগ,N
,।,।
Sentence: 120,নবীন,N
,",",","
,কমল,N
,",",","
,নলিনী,N
,আৰু,CON
,ধীৰেন,N
,জঠৰ,ADJ
,হৈ,V
,ৰৈ,V
,যায়,V
,।,।
Sentence: 121,বেগটো,N
,এবাৰ,ADV
,খুলি,V
,চায়,V
,মোৰ,PR
,এই,PR
,বেগটোত,N
,এটা,ADJ
,সত্তা,N
,ভৰাই,V
,থৈছোঁ,V
,।,।
Sentence: 122,দন্ত্য  স,N
,",",","
,তই তই,ADV
,আত্ত,N
,",",","
,আৱব,N
,তাত,PR
,আকাৰ,N
,সত্তা,N
,ইয়াতে,PR
,ভৰাই,V
,থৈছোঁ,V
,।,।
Sentence: 123,সত্তাটোৰ,N
,অনেক,ADJ
,ৰং,N
,।,।
Sentence: 124,কৈছোঁ,V
,নহয়,V
,এটা,ADJ
,প্ৰিজম্‌,N
,তাৰপৰা,PR
,অনেক,ADJ
,ৰং,N
,ওলাব,V
,পাৰে,V
,।,।
Sentence: 125,বেঙুনীয়া,N
,",",","
,কমলা,N
,",",","
,ফাকুৰ ৰং,N
,",",","
,সেইজীয়া,N
,",",","
,কুহুমীয়া,N
,",",","
,কেঁচা হালধি,N
,আৰু,CON
,ঘিউৰ ৰং,N
,নীলা,N
,আৰু,CON
,ৰঙা,N
,",",","
,গোসাঁনীৰ,N
,জিভাৰ,N
,দৰে,ADJ
,ৰঙা,N
,",",","
,নিশা,N
,পাহাৰৰ,N
,হাবিত,N
,লগা,V
,জুইৰ,N
,দৰে,ADJ
,ৰঙা,N
,",",","
,কমাৰশালত,N
,জ্বলি,V
,থকা,V
,কয়লাখিনিৰ,N
,দৰে,ADJ
,।,।
Sentence: 126,এক,ADJ
,নিবিড়,ADJ
,অন্ধ,N
,আকুলতাৰে,ADJ
,সত্তাটো,N
,মই,PR
,সদায়,ADV
,মোৰ,PR
,বেগত,N
,সুমাই,V
,থৈছোঁ,V
,ৰুমাল,N
,লিপষ্টিক,N
,কমপেক্ট,N
,ফণি,N
,ছেফটিপিন,N
,পাৰফিউম,N
,হেয়াৰস্প্ৰে,N
,এছপ্ৰিন,N
,ট্ৰেনকুইলাজাৰ,N
,খুচুৰা পইচা,N
,এইবিলাকৰ,PR
,মাজত,PREP
,।,।
Sentence: 127,মোৰ,PR
,অনবদ্য,ADJ
,সত্তাটো,N
,কিন্তু,CON
,অক্ষয়,ADJ
,হৈ,V
,আছে,V
,অনিষ্প্ৰভ,ADJ
,হৈ,V
,কিন্তু,CON
,শেতা,N
,",",","
,নিস্তেজ,ADJ
,বগা,N
,হৈ,V
,পৰিছে,V
,মোৰ,PR
,বহু,ADJ
,হেজাৰ,ADJ
,",",","
,বহুত,ADJ
,কোটি,ADJ
,জীৱন,N
,",",","
,মোৰ,PR
,আজিৰ,PR
,জীৱনটোৰ,N
,দৰে,ADJ
,।,।
Sentence: 128,নবীন,N
,",",","
,ধীৰেন,N
,",",","
,কমল,N
,আৰু,CON
,নলিনীয়ে,N
,ক্ৰমে,ADV
,একোটা,ADJ
,কাহ,N
,বা,CON
,গল,N
,হেকাৰি,N
,মাৰে,V
,আৰু,CON
,আকৌ,ADV
,জঠৰ,N
,হৈ,V
,পৰে,V
,।,।
Sentence: 129,নাৰীয়ে,N
,সেইপিনে,PR
,সিহঁতৰ,PR
,পিনে,ADV
,এবাৰ,ADV
,চায়,V
,আৰু,CON
,কয়,V
,শুক্লেশ্বৰ,N
,ঘাটৰ,N
,নৰ্থ ব্ৰুক,N
,তোৰণৰ,N
,তলত,ADJ
,বহি,V
,চাৰিটা,ADJ
,প্ৰস্তৰ,N
,মূৰ্ত্তিৰ,N
,দৰে,ADJ
,নবীন,N
,",",","
,কমল,N
,",",","
,ধীৰেন,N
,আৰু,CON
,নলিনী,N
,চাৰিটা,ADJ
,মাতাল,N
,।,।
Sentence: 130,বিভিন্নজাতীয়,ADJ
,নিচাত,N
,ইহঁত,PR
,মাতাল,N
,।,।
Sentence: 131,মদ-ভাং,N
,",",","
,ঐশ্বৰ্য-বিভূতি,N
,",",","
,বিশ্বসাহিত্য,N
,",",","
,সমাজ,N
,",",","
,বিপ্লৱ,N
,কত,PR
,নিচা,N
,আগুৱাই,V
,দৰ্শকৰ,N
,সমুখলৈ,ADJ
,আহি,V
,কালি,PR
,সন্ধ্যা,N
,গুৱাহাটী,N
,মেডিকেল,N
,কলেজ,N
,হস্পিটেলত,N
,মোৰ,PR
,মৃত্যু,N
,হৈছিল,V
,।,।
Sentence: 131,হস্পিটেলৰ,N
,মৰ্গৰপৰা,N
,পুৱা,N
,নিশা,N
,মোক,PR
,ইহঁত,PR
,চাৰিটাই,ADJ
,চুৰ,N
,কৰি,V
,আনি,V
,এই,PR
,নৰ্থ ব্ৰুক,N
,গেটৰ,N
,তলত,ADJ
,লুকাই,V
,থৈছেহি,V
,আৰু,CON
,কেঘণ্টামান,ADJ
,পিছত,ADJ
,ইয়াতে,PR
,এটা,ADJ
,গাঁত,N
,খান্দি,V
,ইহঁতে,PR
,এই,PR
,তোৰণৰ,N
,তলত,ADJ
,মোক,PR
,পুতি,V
,থʼব,V
,।,।
Sentence: 132,এটা,ADJ
,যুগমীয়া,ADJ
,চিন্ময়,ADJ
,স্মৃতিস্তম্ভৰ,N
,তলত,ADJ
,মোৰ,PR
,চিৰ-নিদ্ৰাৰ,N
,শয্যা,N
,হʼব,V
,।,।
Sentence: 133,মোৰ,PR
,শৱটো,N
,পচন,ADJ
,ৰসত,N
,ফুলি,N
,উঠিছে,V
,দুৰ্গন্ধ,ADJ
,ওলাইছে,V
,।,।
Sentence: 134,ব্ৰহ্মপুত্ৰৰ,N
,বতাহ,N
,আৰু,CON
,মোৰ,N
,শৰীৰৰ,N
,পচন,ADJ
,ৰসৰ,N
,দুৰ্গন্ধ,ADJ
,মিলি,V
,ক্লোৰোফৰ্মৰ,N
,দৰে,ADJ
,কমল,N
,",",","
,নবীন,N
,",",","
,ধীৰেন,N
,",",","
,নলিনীৰ,N
,ইন্দ্ৰিয়সমূহত,N
,ক্ৰিয়া,V
,কৰিছে,V
,।,।
Sentence: 135,ক্লান্ত,ADJ
,",",","
,অৱসন্ন,ADJ
,",",","
,উত্তেজনাকাতৰ,ADJ
,ইহঁত,PR
,চাৰিটাৰ,ADJ
,প্ৰত্যেকৰে,ADJ
,মগজুৰ,N
,দুৱাৰমুখত,N
,অলপ,ADJ
,সময়ৰ,N
,কাৰণে,CON
,মই,PR
,এতিয়া,ADV
,থিয়,N
,হৈছোঁ,V
,।,।
Sentence: 136,সিহঁতৰ,PR
,মগজুৰ,N
,দুৱাৰ,N
,আৰু,CON
,খিৰিকীৰ,N
,আয়নাত,N
,মোৰ,PR
,বিভিন্ন,ADJ
,ৰূপ,N
,।,।
Sentence: 137,জুই,N
Sentence: 138,নলিনী,N
,:,:
,সাপ,N
Sentence: 139,কমল,N
,:,:
,সমুদ্ৰ,N
Sentence: 140,নবীন,N
,:,:
,আকাশ,N
Sentence: 141,ধীৰেনহঁতৰ,N
,প্ৰত্যেকলৈকে,ADJ
,একোবাৰ,ADJ
,দৃষ্টি,N
,নিক্ষেপ,N
,কৰে,V
,জুই,N
,সাপ,N
,সমুদ্ৰ,N
,আকাশ,N
,।,।
Sentence: 142,কমল,N
,:,:
,প্ৰেম,N
,প্ৰেৰণা,N
Sentence: 143,নলিনী,N
,:,:
,মায়া-বন্ধন,N
,।,।
Sentence: 144,ধীৰেন,N
,:,:
,ত্যাগ,N
,কৰুণা,N
Sentence: 145,নবীন,N
,:,:
,সেৱা,N
,বাসনা,N
Sentence: 146,আগৰদৰেই,ADJ
,ধীৰেনহঁতলৈ,N
,তেওঁলোকৰ,PR
,সংলাপৰ,N
,লগে লগে,ADV
,দৃষ্টি,N
,নিক্ষেপ,N
,কৰে,V
,প্ৰেম-প্ৰেৰণা,N
,",",","
,মায়া-বন্ধন,N
,",",","
,ত্যাগ-কৰুণা,N
,",",","
,সেৱা-বাসনা,N
,।,।
Sentence: 147,কমল,N
,:,:
,প্ৰিয়া,N
Sentence: 148,নলিনী,N
,:,:
,পত্নী,N
Sentence: 149,ধীৰেন,N
,:,:
,মাতৃ,N
Sentence: 150,নবীন,N
,:,:
,বেশ্যা,N
Sentence: 151,প্ৰিয়া,N
,পত্নী,N
,মাতৃ,N
,বেশ্যা,N
,কমলৰ,N
,বাহিৰে,CON
,বাকী,ADJ
,তিনিজন,ADJ
,তোৰণৰ,N
,ভিতৰলৈ,PREP
,নামি,V
,যায়,V
,।,।
Sentence: 152,কেটামান,ADJ
,দীঘলীয়া,ADJ
,নীৰৱ,ADJ
,মুহূৰ্ত,N
,পাৰ,V
,হয়,V
,।,।
Sentence: 152,লাহে লাহে,ADV
,কমল,N
,মধ্যম,ADJ
,তোৰণৰ,N
,পিনে,ADJ
,আগুৱাই,N
,আহে,V
,।,।
Sentence: 153,নাৰীয়ে,N
,সেই,PR
,সময়ত,N
,তোৰণৰ,N
,এটা,ADJ
,খুঁটাৰ,N
,কাষত,N
,গাৰপৰা,N
,পৰি,V
,যোৱা,V
,কʼলা,N
,ছালখন,N
,থৈ,V
,দিয়ে,V
,।,।
Sentence: 154,আৰু,CON
,খুঁটাটোত,N
,আউজি,V
,চকু,N
,দুটা,ADJ
,মুদি,V
,থাকে,V
,।,।
Sentence: 155,কমল,N
,আগুৱাই,N
,আহি,V
,মধ্যম,ADJ
,মঞ্চত,N
,থিয়,N
,দিয়েহি,V
,আৰু,CON
,লাহেকৈ,ADV
,মাতে,V
,।,।
Sentence: 156,নীলিমা,N
,সখী,N
,নাৰীয়ে,N
,চকু,N
,দুটা,ADJ
,মুদিয়েই,V
,থাকে,V
,নীলিমা,N
,সখী,N
,।,।
Sentence: 157,নাৰীয়ে,N
,চকু,N
,দুটা,ADJ
,লাহেকৈ,ADV
,মেলে,V
,আৰু,CON
,এটা,ADJ
,মিচিকিয়া,N
,হাঁহি,N
,মাৰে,V
,।,।
Sentence: 158,মই,PR
,ৰৈ,V
,আছোঁ,V
,কমল,N
,।,।
Sentence: 159,আমাৰ,PR
,নিজৰ,PR
,ঠাইখিনিলৈ,N
,যাওঁ,V
,বʼলা,V
,।,।
Sentence: 160,সেই,PR
,ঠাই,N
,যে,CON
,এৰি,V
,আহিলোঁ,V
,কমল,V
,কিন্তু,CON
,পোহৰখিনি,N
,আছে,V
,।,।
Sentence: 161,নাৰী,N
,:,:
,কʼতা,INT
,।,।
Sentence: 162,সৌৱা,PR
,দেখা,V
,যায়,V
,দ্বিতীয়,ADJ
,মঞ্চত,N
,হালধীয়া,N
,পোহৰ,N
,পৰিছে,V
,।,।
Sentence: 163,নাৰীয়ে,N
,সেই,PR
,পোহৰলৈ,N
,অলপ,ADJ
,সময়,N
,চায়,V
,।,।
Sentence: 164,বʼলা,V
,আগে আগে,CON
,নাৰী,N
,আৰু,CON
,পিছে পিছে,ADV
,কমল,N
,দ্বিতীয়,ADV
,মঞ্চলৈ,N
,যায়,V
,কমলে,N
,গৈ,V
,থাকোঁতেই,V
,সংলাপ,N
,আৰম্ভ,N
,কৰে,V
,।,।
Sentence: 165,বিশ্ববিদ্যালয়ৰ,N
,দৰ্শন,N
,বিষয়ৰ,N
,ষষ্ঠ,ADJ
,বাৰ্ষিকৰ,N
,ছাত্ৰী,ADJ
,নীলিমাক,N
,মই,PR
,সখী,N
,বুলি,CON
,মাতোঁ,V
,।,।
Sentence: 166,আমাৰ,PR
,মিলন,ADJ
,হয়,V
,প্ৰায়েই,ADV
,এখন,ADJ
,পাহাৰৰ,N
,ওপৰত,PREP
,।,।
Sentence: 167,এই,PR
,স্থানৰ,N
,বাছনি,N
,মোৰহে,PR
,",",","
,সখীয়ে,N
,কিন্তু,CON
,বিচাৰে,V
,নগৰৰ,N
,মাজত,PREP
,থকা,V
,মোৰ,PR
,অকলশৰীয়া,ADV
,ভাৰাঘৰটোৰ,N
,বহা,V
,",",","
,খোৱা,V
,",",","
,শোৱাকোঠা,N
,বা,CON
,কেতিয়াবা,ADV
,সমুখৰ,ADV
,ফুলনি,N
,।,।
Sentence: 168,তোমাৰ,PR
,ড্ৰইং,N
,ৰূমৰ,N
,পৰ্দা,N
,",",","
,চকী,N
,",",","
,ছোফা,N
,",",","
,ডিভান,N
,আৰু,CON
,কুছনকেইখন,N
,",",","
,বেৰৰ,N
,পেʼণ্টিংকেখন,N
,",",","
,তোমাৰ,PR
,শোৱাকোঠাৰ,N
,বিছনাৰ,N
,ধুনীয়া,ADJ
,বেডকভাৰখন,N
,",",","
,ৱাৰ্ডৰবৰ ছাৰ্ট,N
,",",","
,গেঞ্জী,N
,",",","
,টাই,N
,",",","
,তোমাৰ,PR
,কাপোৰ-কানিবোৰৰ,N
,গোন্ধ,ADJ
,মন,N
,ভাল-লাগি,V
,যোৱা,V
,কিবা,ADJ
,এটা,ADJ
,গোন্ধ,ADJ
,।,।
Sentence: 169,খোৱা,V
,টেবুলৰ,N
,কাপ-প্লেট,N
,",",","
,ফুলনিৰ,N
,ঘাঁহখিনি,N
,",",","
,ফুলকেজোপা,N
,",",","
,এই,PR
,গোটেইবিলাক,ADJ
,ইমান,PR
,চিনাকি,ADJ
,",",","
,ইমান,PR
,আপোন,PR
,",",","
,ইমান,PR
,মৰমৰ,ADV
,।,।
Sentence: 170,সখীয়ে,N
,কʼলে,V
Sentence: 171,মোৰ,PR
,অন্তৰৰ,N
,আপোনতম,PR
,মানুহজনক,N
,এইবোৰ,PR
,অতি,ADJ
,চিনাকি,N
,বস্তুৰে,N
,অতি,ADJ
,চিনাকি,N
,পৰিৱেশত,N
,পাবলৈ,V
,মোৰ,PR
,ভাল,ADJ
,লাগে,V
,।,।
Sentence: 172,কিন্তু,CON
,মই,PR
,কʼলোঁ,V
,সৌ,PR
,পাহাৰৰ,N
,ওপৰত,PREP
,প্ৰকাণ্ড,ADJ
,শিলটোৰ,N
,কাষৰ,N
,তোমাক,PR
,পাবলৈ,V
,মোৰ,PR
,ভাল,ADJ
,লাগে,V
,।,।
Sentence: 173,এটি,ADJ
,নীড়মুখী,N
,",",","
,এটি,ADJ
,আকাশমুখী,N
,।,।
Sentence: 174,তুমি,PR
,কাব্য,N
,কৰিছা,V
,সখী,N
,।,।
Sentence: 175,আমাৰ,PR
,প্ৰেম,N
,কাব্যৰ,N
,ঊৰ্ধ্বত,ADJ
,",",","
,মই,PR
,কৈ,V
,গʼলোঁ,V
,",",","
,মোৰ,PR
,অলপ,ADJ
,খং,N
,উঠিছিল,V
,",",","
,আমাৰ,PR
,প্ৰেম,N
,পৃথিৱীৰ,N
,সকলো,ADJ
,বস্তু,N
,বিভৱ,N
,চিন্তাৰ,N
,ঊৰ্ধ্বত,ADJ
,।,।
Sentence: 176,সেই,PR
,কাৰণেই,CON
,তোমাৰ,PR
,প্ৰতি,ADJ
,মোৰ,PR
,প্ৰেম,N
,নিৱেদনৰ,N
,স্থান,N
,মই,PR
,বাছি,V
,লৈছোঁ,V
,পাহাৰ,N
,শিখৰত,ADJ
,",",","
,ঊৰ্ধ্বত,ADJ
,",",","
,সকলোৰে,ADJ
,ঊৰ্ধ্বত,ADJ
,",",","
,যʼত,PR
,গোটেইখন,ADJ
,পৃথিৱী,N
,",",","
,গোটেইখন,ADJ
,আকাশ,N
,",",","
,আৰু,CON
,অনাদি,ADJ
,সময়ৰ,N
,গতি,N
,কেইটামান,PR
,বিন্দুত,N
,পৰিণত,ADJ
,হয়,V
,আৰু,CON
,সেই,PR
,বিন্দুকেইটা,N
,তোমাৰ,PR
,নিজৰ,ADJ
,মুখখনত,N
,সিঁচৰতি,ADJ
,হৈ,V
,পৰে,V
,।,।
Sentence: 177,তোমাৰ,PR
,কপালৰ,N
,এটা,ADJ
,ফোঁট,N
,",",","
,তোমাৰ,PR
,চকুৰ,N
,দুটা,ADJ
,মণি,N
,",",","
,ওঁঠৰ,N
,তিল,N
,যেন,ADJ
,সেই,PR
,।,।
Sentence: 178,মোৰ,PR
,প্ৰেম,N
,সমুজ্জ্বল,N
,হৈ,V
,উঠে,V
,তোমাৰ,PR
,দেহৰ,N
,সেই,PR
,বিন্দুবোৰত,N
,।,।
Sentence: 179,নাৰী,N
,:,:
,তুমিও,PR
,কাব্য,N
,কৰিলা,V
,কমল,N
Sentence: 180,কমল,N
,:,:
,হয়তো,CON
,কাব্য,N
,হৈছে,V
Sentence: 181,সমস্ত,ADJ
,হৃদয়ভৰি,N
,উঠা,V
,প্ৰেমৰ,N
,অনুভৱ,N
,আৰু,CON
,উপলব্ধিৰ,N
,ভাষা,N
,হয়তো,CON
,কাব্য,N
,হৈ,V
,পৰে,V
,।,।
Sentence: 182,কিন্তু,CON
,সেই,PR
,কাব্য,N
,সৃষ্টি,N
,মিনচ্‌হে এণ্ড,N
,নহয়,V
,।,।
Sentence: 183,কাব্য,N
,",",","
,শব্দ,N
,",",","
,অৰ্থৰ,N
,পথেৰে,N
,তোমাক,PR
,নিয়ন্ত্ৰণ,N
,কৰি,V
,মোৰ,PR
,হৃদয়ৰ,N
,মুক্ত,ADJ
,দুৱাৰমুখলৈকে,N
,আগুৱাই,N
,অনাই,V
,হʼল,V
,মোৰ,PR
,আচল,ADJ
,উদ্দেশ্য,N
,এণ্ড,N
,কিন্তু,CON
,তোমাৰ,PR
,কথাৰ,N
,সুৰত,N
,ব্যংগ,ADJ
,আছিল,V
,।,।
Sentence: 184,তুমি,PR
,কেতিয়াবা,ADV
,ভণ্ডামি,N
,কৰা,V
,।,।
Sentence: 185,নাৰী,N
,:,
,কমল,N
,কণ্ঠস্বৰ,N
,তীব্ৰ,ADJ
,হৈ,V
,পৰে,V
,।,।
Sentence: 186,কমল,N
,:,
,সখী,N
,।,।
Sentence: 187,হৃদয়ৰ,N
,সমস্ত,ADJ
,আকুতিৰে,N
,হাহাকাৰ,N
,কৰি,V
,তোমাক,PR
,মই,PR
,পাবলৈ,V
,বিচাৰিলোঁ,V
,।,।
Sentence: 188,হৃদয়ৰ,N
,সমস্ত,ADJ
,আকুতিৰে,N
,",",","
,হাহাকাৰ,N
,কৰি,V
,ময়ো,PR
,তোমাক,PR
,পাবলৈ,V
,বিচাৰিছিলোঁ,V
,।,।
Sentence: 189,আৰু,CON
,এদিন,ADV
,মই,PR
,তোমাক,PR
,পালোঁ,V
,।,।
Sentence: 190,এদিন,ADV
,ময়ো,PR
,তোমাক,PR
,পালোঁ,V
,।,।
Sentence: 191,তোমাক,PR
,দিবলৈ,V
,মোৰ,PR
,এতিয়া,ADV
,আৰু,CON
,একো,ADJ
,বাকী,ADJ
,নাথাকিল,V
,।,।
Sentence: 192,মোৰ,PR
,জানো,CON
,কিবা,ADJ
,বাকী,ADJ
,আছে,V
,?,?
Sentence: 193,তেন্তে,ADV
,এই,PR
,সৰ্বস্ব,ADJ
,পোৱা,V
,আৰু,CON
,সৰ্বস্ব,ADJ
,দিয়াৰ,V
,মাজত,PREP
,ভণ্ডামিৰ,N
,স্থান,N
,কʼত,PR
,?,?
Sentence: 194,ভণ্ডামি,N
,প্ৰেমত,N
,নহয়,V
,ভণ্ডামি,N
,জীৱনবোধত,N
,।,।
Sentence: 195,এই,PR
,ড্ৰইং,N
,ৰূমত,N
,মোৰ,PR
,ঘৰৰ,N
,চাৰিবেৰৰ,N
,মাজত,PREP
,আমাৰ,PR
,প্ৰেম,N
,নিৱেদন,N
,আৰু,CON
,গ্ৰহণত,N
,তোমাৰ,PR
,কাৰণে,CON
,ভণ্ডামিৰ,N
,স্থান,N
,নাই,V
,।,।
Sentence: 196,এই,PR
,প্ৰেম,N
,স্বাভাৱিক,ADJ
,সহজ,ADJ
,ঘটনা,N
,।,।
Sentence: 197,কিন্তু,CON
,সেই,PR
,পাহাৰৰ,N
,ওপৰত,PREP
,আমাৰ,PR
,দুয়োৰে,PR
,প্ৰেম,N
,তোমাৰ,PR
,কাৰণে,CON
,হয়,V
,ভণ্ডামি,N
,।,।
Sentence: 198,সেই,PR
,কাৰণে,CON
,সেই,PR
,ভণ্ডামিৰ,N
,স্তৰৰপৰা,N
,নমাই,V
,আনি,V
,মই,PR
,তোমাক,PR
,এই,PR
,ড্ৰইং,N
,ৰূমত,N
,",",","
,সৌ,PR
,শোৱাকোঠাত,N
,",",","
,চিৰদিন,ADJ
,ৰাখিব,V
,খোজোঁ,V
,।,।
Sentence: 199,তাৰ,PR
,মানে,CON
,ভণ্ডামিৰ,N
,ছাইসোপা,N
,মোৰ,PR
,মুখত,N
,সানি,V
,লʼবলৈ,V
,কʼলা,V
,?,?
Sentence: 200,কমল,N
,তুমি,PR
,কি,CON
,বিচৰা,V
,।,।
Sentence: 201,সখী,N
,আমাৰ,PR
,প্ৰেম,N
,অমৰ,ADJ
,হওক,V
,",",","
,এখন,ADJ
,সাগৰ,N
,হওক,V
,",",","
,যʼত,PR
,সূৰ্যোদয়,N
,আৰু,CON
,সূৰ্যাস্ত,N
,হয়,V
,",",","
,এখন,ADJ
,আকাশ,N
,হওক,V
,যʼত,PR
,ৰʼদ,N
,",",","
,জোনাক,N
,আৰু,CON
,আন্ধাৰ,N
,উপচি,V
,থাকে,V
,এখন,ADJ
,অৰণ্য,N
,হওক,V
,",",","
,যʼত,PR
,ধুমুহা,N
,আৰু,CON
,বৰষুণে,N
,খেলে,V
,",",","
,সহস্ৰ,ADJ
,পখীয়ে,N
,গান,N
,গায়,V
,।,।
Sentence: 202,আমাৰ,PR
,প্ৰেম,N
,তেনে,PR
,হওক,V
,।,।
Sentence: 203,যদি,CON
,আমাৰ,PR
,স্বাভাৱিক,ADJ
,জীৱনৰ,N
,আঁচোৰ,N
,লাগি,V
,সেই,PR
,প্ৰেম,N
,নষ্ট,ADJ
,হোৱাৰ,V
,আশংকা,N
,থাকে,V
,তেন্তে,ADV
,আমি,PR
,স্বীকাৰ,N
,কৰি,V
,লʼম,V
,এক,ADJ
,অস্বাভাৱিক,ADJ
,জীৱন,N
,",",","
,যি,PR
,জীৱনত,N
,প্ৰেম,N
,হৈ,V
,থাকিব,V
,মহীয়ান,ADJ
,",",","
,চিন্ময়,ADJ
Sentence: 204,আমাৰ,PR
,প্ৰেম,N
,পাৰ্থিৱৰপৰা,N
,অপাৰ্থিৱলৈ,N
,উত্তৰণ,N
,।,।
Sentence: 205,আমাৰ,PR
,প্ৰেম,N
,হʼল,V
,আত্মিক,N
,সংলাপ,N
,।,।
Sentence: 206,কমল,N
,",",","
,আমাৰ,PR
,বিয়াখন,N
,সম্পৰ্কত,N
,তুমি,PR
,কি,CON
,সিদ্ধান্ত,N
,লʼলা,V
Sentence: 207,সেই,PR
,সিদ্ধান্ত,N
,মই,PR
,এতিয়াও,PR
,লোৱা,V
,নাই,V
,।,।
Sentence: 208,কিন্তু,CON
,কেটামান,ADJ
,সিদ্ধান্তৰ,N
,কথা,N
,বিবেচনা,N
,কৰি,V
,আছোঁ,V
,।,।
Sentence: 209,যেনে,PR
,কমল,N
,মই,PR
,আত্মহত্যা,N
,কৰিম,V
,।,।
Sentence: 210,ক্ষন্তেক,ADJ
,নীৰৱতা,ADJ
,।,।
Sentence: 211,নাৰীয়ে,N
,এটা,ADJ
,হাঁহি,N
,মাৰে,V
,তুমি,PR
,হাঁহিলা,V
,দেখোন,CON
,সখী,N
,?,?
Sentence: 212,নাৰীয়ে,N
,পুনৰ,ADV
,হাঁহে,V
,নাইবা,CON
,তোমাক,PR
,এই,PR
,ড্ৰইং ৰূমৰ,N
,ছোফাখনত,N
,শুৱাই,V
,লৈ,V
,ডিঙি,N
,চেপি,V
,মাৰি,V
,পেলাম,V
,।,।
Sentence: 213,নাৰীয়ে,N
,হাঁহে,V
,নাইবা,CON
,তুমি,PR
,মই,PR
,দুয়ো,ADJ
,সৌ,PR
,পাহাৰৰ,N
,শিখৰলৈ,ADJ
,গৈ,V
,শিলটোৰ,N
,ওপৰৰপৰা,PREP
,প্ৰথমে,ADJ
,তোমাক,PR
,গঁতিয়াই,V
,দি,V
,তাৰ,PR
,পিছত,ADJ
,ময়ো,PR
,জঁপিয়াই,V
,দুয়ো,ADJ
,একেলগে,ADV
,মৰি,V
,থাকিম,V
,।,।
Sentence: 214,নাৰীৰ,N
,হাঁহি,N
,অট্টহাস্য,ADJ
,হৈ,V
,পৰে,V
,।,।
Sentence: 215,চুপ,N
,নাৰীক,N
,চৰ,N
,মাৰে,V
,।,।
Sentence: 216,মই,PR
,ভীষণ,N
,জোৰে,N
,সখীৰ,N
,গালত,N
,এটা,ADJ
,চৰ,N
,মাৰি,V
,দিলোঁ,V
,",",","
,আৰু,CON
,অতি,ADJ
,উত্তেজনাৰে,N
,কʼলোঁ,V
,",",","
,তুমি,PR
,জানা,V
,",",","
,এই,PR
,সিদ্ধান্তকেইটাৰ,N
,কথা,N
,মোৰ,PR
,অন্তৰৰ,N
,গভীৰ,ADJ
,উপলব্ধিৰে,V
,",",","
,বিশ্বাসেৰে,N
,বিবেচনা,N
,কৰি,V
,চাইছোঁ,V
,?,?
Sentence: 217,নাৰীয়ে,N
,উচুপি,ADV
,কান্দে,V
,",",","
,দীঘলীয়া,ADJ
,বিৰতি,N
,সখী,N
,নাকান্দিবা,V
,",",","
,চাওঁ,V
,উঠাচোন,V
,",",","
,বʼলা,V
,এবাৰ,ADV
,পাহাৰৰ,N
,ওপৰৰপৰা,PREP
,ফুৰি,N
,আহোঁগৈ,V
,।,।
Sentence: 218,কন্দাভাবত,N
,মই,PR
,আৰু,CON
,পাহাৰলৈ,N
,নাযাওঁ,V
,কমল,N
,।,।
Sentence: 219,তোমাৰ,PR
,মনটো,N
,ভাল,ADJ
,লাগিব,V
,বʼলা,V
,।,।
Sentence: 220,মই,PR
,আৰু,CON
,কেতিয়াও,PR
,পাহাৰলৈ,N
,উঠিব,V
,নোৱাৰোঁ,V
,",",","
,কেতিয়াও,PR
,পাহাৰলৈ,N
,উঠিব,V
,নোৱাৰোঁ,V
,।,।
Sentence: 221,তেন্তে,ADV
,সখী,N
,",",","
,মোৰ,PR
,পিনৰপৰা,ADV
,আৰু,CON
,সিদ্ধান্ত,N
,লʼবলৈ,V
,কোনো,PR
,অৱকাশ,N
,নাথাকিল,V
,।,।
Sentence: 222,সিদ্ধান্ত,N
,তোমাৰ,PR
,পিনৰপৰাই,PREP
,হʼল,V
,।,।
Sentence: 223,নাৰী,N
,:,:
,হয়তো,CON
,হʼল,N
,।,।
Sentence: 224,আজিৰপৰা,PR
,আৰু,CON
,আমাৰ,PR
,মিলন,N
,নহয়,V
,সখী,N
,?,?
Sentence: 225,মই,PR
,ভাবিছিলোঁ,V
,আমাৰ,PR
,বিদায়ৰ,N
,শেষ,ADJ
,মুহূৰ্তটো,N
,পাহাৰৰ,N
,শিলটোৰ,N
,দাঁতিত,N
,এৰি,V
,থৈ,V
,আহিম,V
,।,।
Sentence: 226,শিলটো,N
,তাত,PR
,সদায়,ADV
,থাকিব,V
,",",","
,তাৰ,PR
,আশ্ৰয়ত,N
,সেই,PR
,মুহূৰ্তটোৱো,N
,সদায়,ADV
,যাব,V
,।,।
Sentence: 227,মই,PR
,যাওঁ,V
,কমল,N
,।,।
Sentence: 228,সখী,N
,যাবলৈ,V
,ওলাল,V
,",",","
,মই,PR
,কʼলোঁ,V
,।,।
Sentence: 229,অজিতৰ,N
,সৈতে,PREP
,তোমাৰ,PR
,বৈবাহিক,ADJ
,জীৱনৰ,N
,বহু,ADJ
,বছৰৰ,N
,পাছত,N
,নাইবা,CON
,তাৰ,PR
,আগেয়েও,N
,",",","
,কেতিয়াবা,ADV
,তুমি,PR
,যেতিয়া,PR
,অকলে,ADV
,বহি,V
,কিবা,ADJ
,কৰি,V
,থাকিবা,V
,",",","
,এই,PR
,ধৰা,CON
,ছুৱেটাৰ,N
,গোঁঠা,V
,",",","
,মন্দিৰত,N
,বিগ্ৰহৰ,N
,ওচৰত,ADJ
,নৈবেদ্য,N
,সজোৱা,V
,",",","
,মিলন,N
,পৰত,N
,পৰিশ্ৰান্ত,ADJ
,অৱসন্ন,ADJ
,স্বামীৰ,N
,মূৰৰ,N
,চুলিত,N
,আঙুলি,N
,বুলাই,V
,থাকোঁতে,V
,",",","
,নাইবা,CON
,স্বামীৰ,N
,সৈতে,PREP
,সঙ্গম,N
,যাত্ৰাৰ,N
,অন্তিম,N
,একছটেছীৰ,N
,চৰম,ADJ
,ক্ষণটোত,N
,যদি,CON
,হঠাৎ,ADV
,তোমাৰ,PR
,মোলৈ,PR
,মনত,N
,পৰে,V
,",",","
,তেন্তে,ADV
,তৎক্ষণাৎ,ADV
,মোক,PR
,মনৰপৰা,N
,জোৰকৈ,N
,আঁতৰাই,V
,নিদিবা,V
,সখী,N
,।,।
Sentence: 230,অলপ,ADJ
,সময়,N
,দীঘলীয়াকৈ,ADJ
,মোক,PR
,মনত,N
,ঠাই,N
,দিব,V
,।,।
Sentence: 231,পৃথিৱীৰ,N
,কোনো,PR
,এটা,ADJ
,চুকত,N
,এক,ADJ
,বিশেষ,N
,নাৰী,N
,আছে,V
,",",","
,যাক,PR
,মই,PR
,এদিন,ADJ
,সখী,N
,বুলি,CON
,মাতিছিলোঁ,V
,",",","
,যাৰ,PR
,ওচৰত,PREP
,মোৰ,PR
,প্ৰেম,N
,চিৰ,ADJ
,গচ্ছিত,ADJ
,হৈ,V
,ৰʼল,V
,",",","
,কেতিয়াবা,ADV
,সেই,PR
,নাৰীলৈ,N
,মনত,N
,পৰে,V
Sentence: 231,এই,PR
,উপলব্ধিয়ে,N
,মোৰ,PR
,জীৱনক,N
,অৰ্থ,N
,দিব,V
,",",","
,ব্যঞ্জনা,N
,দিব,V
,।,।
Sentence: 232,নাৰী,N
,দ্বিতীয়,ADJ
,মঞ্চইদি,N
,তললৈ,ADJ
,নামি,V
,।,।
Sentence: 233,কমল,N
,দৰ্শকলৈ,N
,পিঠি,N
,দি,V
,দ্বিতীয়,ADJ
,মঞ্চত,N
,বহি,V
,পৰে,V
,।,।
Sentence: 234,দ্বিতীয়,ADJ
,মঞ্চত,N
,হালধীয়া,ADJ
,পোহৰ,ADJ
,নোহোৱা,V
,হয়,V
,।,।
Sentence: 235,এটাইকেটা,ADJ
,মঞ্চত,N
,ক্ষীণ,ADJ
,পোহৰ,ADJ
,হয়,V
,।,।
Sentence: 236,মধ্যম,ADJ
,মঞ্চলৈ,N
,ভিতৰৰ,PREP
,পৰা,PREP
,নবীন,N
,",",","
,নলিনী,N
,আৰু,CON
,ধীৰেন,N
,উঠি,V
,আহে,V
,।,।
Sentence: 237,নবীনে,N
,ভাঙৰ,N
,চিলিম,N
,টানি,V
,আহে,V
,।,।
Sentence: 238,নবীন,N
,:,:
,প্ৰেম,N
Sentence: 239,নলিনী,N
,:,:
,দাৰুণ,ADJ
Sentence: 240,ধীৰেন,N
,:,:
,চমৎকাৰ,ADJ
,!,!
Sentence: 241,মোৰ,PR
,প্ৰেমৰ,N
,ৰং,N
,মদৰ,N
,বিভিন্ন,ADJ
,ৰঙৰ,N
,দৰে,ADJ
,।,।
Sentence: 242,মোৰ,PR
,প্ৰেমৰ,N
,ৰং,N
,ৰিভলভাৰৰ,N
,আগেদি,PREP
,ওলোৱা,V
,ফিৰিঙটিৰ,N
,দৰে,ADJ
,।,।
Sentence: 243,প্ৰেয়সীৰ,N
,নগ্ন,N
,বুকুত,N
,গোলাপী,ADJ
,মদ,N
,গিলাচৰপৰা,N
,টোপ টোপকৈ,ADV
,ঢালি,V
,",",","
,তাৰ,PR
,পিছত,ADJ
,সেই,PR
,বুকুত,N
,মুখ,N
,থৈ,V
,মদ,N
,চুহি,ADV
,খাই,V
,কি,CON
,যে,CON
,তৃপ্তি,N
,।,।
Sentence: 244,প্ৰেয়সীৰ,N
,হাতত,N
,এক,ADJ
,ডজন,N
,দামী,ADJ
,শাৰীৰ,N
,উপহাৰ,N
,তুলি,V
,দিওঁতে,V
,তেওঁৰ,PR
,মুখৰ,N
,হাঁহিটো,N
,কিমান,PR
,ধুনীয়া,ADJ
Sentence: 245,প্ৰেয়সীৰ,N
,কোমল,ADJ
,হাতৰ,N
,মুঠিত,N
,মোৰ,PR
,কঠিন,ADJ
,হাত,N
,থৈ,V
,দুয়ো,PR
,একেলগে,ADV
,ৰিভলভাৰৰ,N
,ট্ৰিগাৰ,N
,টিপি,V
,ধৰাত,N
,কি,CON
,যে,CON
,শিহৰণ,N
,।,।
Sentence: 246,নবীন,N
,:,:
,প্ৰেম,N
,এগিলাচ,N
,মদ,N
,।,।
Sentence: 247,নলিনী,N
,:,:
,চেকবহীৰ,N
,এখিলা,ADJ
,পাত,N
,।,।
Sentence: 248,ধীৰেন,N
,:,
,ৰিভলভাৰৰ,N
,এটা,ADJ
,এটা,ADJ
,।,।
Sentence: 249,নবীন,N
,:,:
,প্ৰেম,N
Sentence: 250,নলিনী,N
,:,:
,দাৰুণ,ADJ
Sentence: 251,ধীৰেন,N
,:,:
,চমৎকাৰ,N
,।,।
,ব্যোম--ব্যোম,ADV
,বাদামসোপা,N
,গোটেই,ADJ
,শেষ,ADJ
,কৰিলি,V
,।,।
Sentence: 252,চাওঁ,V
,তেলত,N
,ভজা,N
,দুটামান,ADJ
,আছে,V
,যদি,CON
,দেচোঁন,V
,তহঁতৰ,PR
,ভাগৰ,N
,।,।
Sentence: 253,ধীৰেনে,N
,কাগজৰ,N
,টোপোলা,N
,এটা,ADJ
,উলিয়াই,V
,দিয়ে,V
,।,।
Sentence: 254,নবীনে,N
,তাৰপৰা,PR
,তেলত,N
,ভজা,N
,বাদাম,N
,লয়,V
,এই,PR
,কমল,N
,কʼলৈ,ADV
,গʼল,V
,?,?
Sentence: 255,সেইটো,PR
,টোপনিয়াই,V
,আছে,V
,।,।
Sentence: 256,বাদাম,N
,চোবাই,
,চোবাই,ADV
,থাওক,V
,দে,V
,",",","
,আৰু,CON
,বেছি,ADJ
,সময়,N
,নাই,V
,।,।
Sentence: 257,আৰু,CON
,এঘণ্টামান,ADJ
,আছে,V
,।,।
Sentence: 258,আৰু,CON
,এঘণ্টা,ADJ
,ডেৰ,ADJ
,ঘণ্টামানৰ,N
,আৰম্ভ,N
,কৰিব,V
,পাৰিম,V
,।,।
Sentence: 259,আলিবাটত,N
,মানুহবোৰ,N
,কমিছে,V
,",",","
,চেগ,N
,চাই চাই,ADV
,অলপ অলপকৈ,ADV
,গাঁতটো,N
,খান্দো,V
,নেকি,CON
,?,?
Sentence: 260,নালাগে,V
,দে,V
,",",","
,কোৰ,N
,আছে,V
,",",","
,কিমান,PR
,সময়,N
,লাগিব,PR
,?,?
Sentence: 261,এ,CON
,হৈছে,V
,",",","
,তই,PR
,গোন্ধতে,ADJ
,মৰিছ,V
,।,।
Sentence: 262,অলপ,ADJ
,ৰচোন,V
,সহ্য,ADJ
,কৰি,V
,।,।
Sentence: 263,ধীৰেন,N
,আৰু,CON
,নলিনীয়ে,N
,হামিয়ায়,V
,এ,CON
,তহঁতেও,PR
,দেখোন,CON
,হামিয়াইছে,V
,।,।
Sentence: 264,এক,ADJ
,চিলিম,N
,গাঞ্জা,N
,টানি,V
,দে,V
,",",","
,টোপনি,N
,।,।
Sentence: 265,নহʼলে,CON
,এটা,ADJ
,কাম,N
,কৰোঁ,V
,।,।
Sentence: 266,ধীৰেন,N
,:,:
,কি,CON
,?,?
Sentence: 267,নবীন,N
,:,
,অলপ,ADJ
,দৌৰো,V
,তেজ,N
,চলাচল,ADJ
,হওক,V
,পেশী,N
,সঞ্চালন,ADJ
,।,।
Sentence: 268,অলপ,ADJ
,শক্তি,N
,",",","
,অলপ,ADJ
,উত্তেজনা,N
,",",","
,অলপ,ADJ
,চাঞ্চল্য,N
,",",","
,অলপ,ADJ
,গতি,N
,হওক,V
,",",","
,মুহূৰ্তবোৰ,N
,হুৰাই,V
,দিওঁ,V
,হুৰ,N
,উৰ উৰ,ADV
,।,।
Sentence: 269,লগে,ADV
,ধীৰেনেও,N
,হুৰ হুৰৰ,ADV
,বুলি,CON
,চিঞৰি,N
,উঠে,V
,আৰু,CON
,নবীন,N
,আৰু,CON
,ধীৰেন,N
,দুয়ো দুফালে,ADV
,",",","
,অৰ্থাৎ,CON
,নবীন,N
,প্ৰথম,ADJ
,মঞ্চলৈ,N
,আৰু,CON
,ধীৰেন,CON
,চতুৰ্থ,ADJ
,মঞ্চলৈ,N
,দৌৰ,N
,মাৰি,V
,গৈ,V
,তোৰণৰ,N
,ভিতৰলৈ,PREP
,নামি,V
,যায়,V
,।,।
Sentence: 270,নলিনী,N
,মধ্যম,ADJ
,তোৰণত,N
,ৰৈ,V
,থাকে,V
,।,।
Sentence: 271,ক্ষন্তেক,ADJ
,নীৰৱ,N
,তৃতীয়,ADJ
,মঞ্চত,N
,সেউজীয়া,ADJ
,পোহৰ,ADJ
,পৰে,V
,।,।
Sentence: 272,নাৰী,N
,",",","
,এগৰাকী,ADJ
,বিবাহিতা,ADJ
,মহিলাৰ,N
,বেশত,N
,তৃতীয়,ADJ
,মঞ্চলৈ,N
,উঠি,V
,।,।
Sentence: 273,নলিনীয়ে,N
,সেইফালে,PR
,চায়,V
,আৰু,CON
,কয়,V
,।,।
Sentence: 274,নলিনী,N
,:,:
,অণিমা,N
,।,।
Sentence: 275,আহাঁ,V
,নলিনী,N
,",",","
,আহাঁ,V
,নলিনী,N
,তৃতীয়,ADJ
,মঞ্চলৈ,N
,যায়,V
,।,।
Sentence: 276,মই,PR
,আগবাঢ়ি,V
,যাবলৈ,V
,সময়,N
,কʼত,PR
,।,।
Sentence: 277,অণিমাই,N
,কʼলে,V
,সঁচা কথা,N
,",",","
,অণিমাৰ,N
,কোনো,PR
,দিনেই,ADV
,মোৰ,PR
,ওচৰলৈ,PREP
,আহিবলৈ,V
,সময়,N
,নাই,V
,।,।
Sentence: 278,দিনে-নিশাই,ADV
,কঠোৰ,ADJ
,পৰিশ্ৰম,N
,কৰি,V
,মোৰ,PR
,অগাধ,ADJ
,ধন-সম্পত্তি,N
,হʼল,V
,",",","
,পকী,ADJ
,দালান,N
,হʼল,V
,গাড়ী,N
,হʼল,V
,।,।
Sentence: 279,এই,PR
,সকলোবোৰৰ,ADJ
,মাজত,PREP
,অণিমাই,N
,নিজকে,ADV
,এজনী,ADJ
,সম্ৰাজ্ঞীৰ,N
,দৰে,ADJ
,প্ৰতিষ্ঠা,N
,কৰি,V
,লʼলে,V
,।,।
Sentence: 280,মোৰ,PR
,অশেষ,ADJ
,কষ্টোপাৰ্জ্জিত,N
,ঐশ্বৰ্যৰ,N
,কাৰেঙত,N
,অণিমাই,N
,সিংহাসন,N
,পাতি,V
,লʼলে,V
,",",","
,আৰু,CON
,সেই,PR
,কাৰেঙৰ,N
,কোনোবা,PR
,খাপৰিৰ,N
,চেপাত,N
,মোৰ,PR
,নিজৰ,PR
,অস্তিত্ব,N
,যেন,ADJ
,ক্ৰমে,ADV
,বিলোপ,N
,হʼবলৈ,V
,ধৰিলে,V
,।,।
Sentence: 281,মই,PR
,কʼলোঁ,V
,",",","
,মনত,N
,আছে,V
,অণিমা,N
,",",","
,বিয়াৰ,N
,পিছত,ADJ
,প্ৰথম,ADJ
,সন্তানটো,N
,গৰ্ভত,N
,থাকোঁতে,V
,এদিন,ADJ
,নিশা,N
,তুমি,PR
,কি,CON
,কৈছিলা,V
,?,?
Sentence: 282,নলিনী,N
,",",","
,কৈছিলো,V
,কিছুদিন,ADJ
,পিছত,ADJ
,মোক,PR
,এই,PR
,কোঠাটোৰ,N
,আধাতকৈও,ADJ
,বেছি,ADJ
,ঠাই,N
,জোৰাকৈ,V
,এখন,ADJ
,প্ৰকাণ্ড,ADJ
,পালেং,N
,লাগিব,V
,।,।
Sentence: 283,ইমান,PR
,ডাঙৰ,ADJ
,পালেং,N
,কিয়,ADV
,?,?
Sentence: 284,আমাৰ,PR
,যে,CON
,বহুত,ADJ
,লʼৰা-ছোৱালী,N
,হʼব,V
,।,।
Sentence: 285,নলিনী,N
,:,:
,বহুত,ADJ
Sentence: 286,ওঁ,CON
,",",","
,কমেও,ADJ
,ছটা,ADJ
,মোৰ,PR
,কেতিয়াবা,ADV
,কি,CON
,মন,N
,যায়,V
,জানা,V
,?,?
Sentence: 287,নলিনী,N
,:,:
,কি,CON
,?,?
Sentence: 288,এজনী,ADJ
,ৰাজহাঁহ,N
,হʼবৰ,V
,মন,N
,যায়,V
,।,।
Sentence: 289,মোৰ,PR
,চাৰিওপিনে,ADV
,পোৱালি,N
,কিছুমান,PR
,অনবৰত,ADV
,ঘূৰি,V
,ফুৰিব,V
,আৰু,CON
,সিহঁতৰ,PR
,তদাৰক,N
,কৰি,N
,মই,PR
,বিচৰণ,V
,কৰি,V
,ফুৰিম,V
,।,।
Sentence: 290,আমাৰ,PR
,ছটা,ADJ
,লʼৰা-ছোৱালী,N
,নহʼল,V
,।,।
Sentence: 291,কিন্তু,CON
,তথাপিও,CON
,চাৰিটা,ADJ
,লʼৰা-ছোৱালী,N
,যিখন,PR
,সংসাৰ,N
,হʼল,V
,সেই,PR
,সংসাৰখনত,N
,এখন,ADJ
,সাম্ৰাজ্য,N
,পৰিচালনাৰ,N
,দায়িত্বৰে,N
,অণিমা,N
,অহৰহ,ADV
,ব্যস্ত,ADJ
,হৈ,V
,থাকিল,V
,।,।
Sentence: 292,সংসাৰখনৰপৰা,N
,নিজকে,ADV
,ক্ষন্তেকলৈ,ADJ
,এবাৰ,ADV
,বিচ্ছিন্ন,ADJ
,কৰি,V
,চাবলৈ,V
,তেওঁৰ,PR
,আহৰি,N
,নাই,V
,।,।
Sentence: 293,অথচ,CON
,সংসাৰচ্যুত,N
,মুহূৰ্ত,N
,একোটাত,ADJ
,আমি,PR
,দুয়ো দুয়োকে,ADV
,কেতিয়াবা,ADV
,লগ,V
,পাবলৈ,V
,মই,PR
,হাহাকাৰ,N
,কৰি,V
,উঠোঁ,V
,।,।
Sentence: 294,এদিন,ADJ
,সন্ধ্যা,N
,মই,PR
,ইণ্ডাষ্ট্ৰীৰ,N
,অফিচৰপৰাই,N
,অণিমালৈ,N
,টেলিফোন,N
,কৰি,V
,দিছিলোঁ,V
,কাপোৰ,N
,পিন্ধি,V
,অণিমা,N
,ওলাই,V
,থাকিব,V
,।,।
Sentence: 295,কিন্তু,CON
,ঘৰ,N
,পাই,V
,দেখিলোঁ,V
,অণিমা,N
,নিৰ্বিকাৰ,ADJ
,নিৰুৎসাহ,ADJ
,।,।
Sentence: 296,সেই,PR
,নতুন,ADJ
,কাপোৰযোৰ,N
,পিন্ধি,V
,মোৰ,PR
,লগত,PREP
,ওলাই,V
,যোৱালৈ,V
,আগ্ৰহেৰে,ADJ
,বাট,N
,চাই,V
,থকা,V
,দূৰৰ,ADJ
,কথা,N
,",",","
,যেন,ADJ
,লʼৰা-ছোৱালীসমন্বিতে,N
,অʼভেনত,N
,কেক,N
,কৰি,V
,থকা,V
,অৱস্থাৰপৰা,N
,মই,PR
,তেওঁক,PR
,উলিয়াই,V
,নিবলৈ,V
,আহি,V
,দোষহে,N
,কৰিলোঁ,V
,।,।
Sentence: 297,বহুত,ADJ
,সময়ৰ,N
,মূৰত,ADJ
,",",","
,বহুত,ADJ
,বছৰৰ,N
,পুৰণি,ADJ
,সাধাৰণ,ADJ
,কাপোৰ,N
,পিন্ধি,V
,অণিমা,N
,গাড়ীত,N
,উঠিলহি,V
,।,।
Sentence: 298,অণিমাৰ,N
,ভৰিৰপৰা,N
,মূৰলৈ,N
,গোটেই,ADJ
,মানুহজনীক,N
,এবাৰ,ADV
,নিৰীক্ষণ,N
,কৰি,V
,লৈ,V
,মই,PR
,গাড়ীৰ,N
,ষ্টাৰ্টাৰতো,N
,টানি,V
,দিলোঁ,V
,।,।
Sentence: 299,অলপ,ADJ
,পিছতে,ADJ
,এটা,ADJ
,তিনিআলিৰ,ADJ
,ওচৰ,PREP
,পাওঁতে,V
,পুলিচ,N
,পয়েণ্টৰ,N
,খুঁটাটোত,N
,গাড়ীখন,N
,খুন্দা,V
,মাৰি,V
,দিম,V
,বুলি,CON
,হঠাতে,ADV
,তীব্ৰ,ADJ
,গতিত,N
,চলাই,V
,দি,V
,",",","
,শেষ,ADJ
,মুহূৰ্তত,N
,।,।
Sentence: 300,আ,INT
,এক,ADJ
,তীব্ৰ,ADJ
,চিঞৰ,N
,মাৰে,V
Sentence: 301,নলিনী,N
,:,:
,অণিমাই,N
,চিঞৰি,V
,উঠিল,V
,।,।
Sentence: 302,নাৰী,N
,:,:
,মৰিলোঁহেঁতেন,V
,!,!
Sentence: 303,তথাপিও,CON
,ধৰি,V
,লোৱা,V
,ঠিক,ADJ
,এই,PR
,মুহূৰ্তটোত,N
,আমি,PR
,দুয়ো,ADJ
,মটৰ,N
,ক্ৰেছ,N
,হৈ,V
,মৰিলোঁ,V
,।,।
Sentence: 304,মই,PR
,কʼলোঁ,V
,কি,CON
,ভীষণ,N
,তুমি,PR
,নলিনী,N
,।,।
Sentence: 305,তোমাৰ,PR
,ভীষণ,N
,ৰূপটো,N
,কেনে,PR
,হʼব,V
,",",","
,অলপ,ADJ
,আভাস,N
,দি,V
,থʼবা,V
,।,।
Sentence: 306,মই,PR
,সাজু,ADJ
,হৈ,V
,থাকিব,V
,লাগিব,V
,সেই,PR
,ৰূপটোৰ,N
,সৈতে,PREP
,মুখামুখি,ADJ
,হʼবলৈ,V
,।,।
Sentence: 307,মুখামুখি,ADJ
,ঠিকেই,ADJ
,কৈছা,V
,",",","
,আঘাত,N
,আৰু,CON
,প্ৰতিঘাত,N
,দুয়োটাৰে,ADJ
,প্ৰয়োজন,N
,মুখামুখি,ADJ
,নহʼলে,V
,সেইটো,PR
,সম্ভৱ,ADJ
,নহয়,V
,।,।
Sentence: 308,তেন্তে,ADV
,",",","
,তোমাৰ,PR
,ৰূপটো,N
,?,?
Sentence: 309,ধুমুহা,N
,কেৱল,ADJ
,মলয়া,N
,বতাহৰ,N
,কাৰণে,CON
,বিশ,ADJ
,বছৰ,N
,বৰ,ADJ
,দীঘল,ADJ
,সময়,N
,এবাৰ,ADV
,ধুমুহা,N
,দুটামান,ADJ
,ব্ৰজপাত,N
,হওক,V
,।,।
Sentence: 310,সেই,PR
,ধুমুহা,N
,দুৰ্যোগত,N
,যদি,CON
,আমি,PR
,কোনোবা,PR
,বিলোপ,N
,হওঁ,V
,?,?
Sentence: 311,সেই,PR
,বিলুপ্তিৰে,ADJ
,প্ৰয়োজন,N
,হৈছে,V
,?,?
Sentence: 312,নলিনী,N
,তোমাৰ,PR
,কি,CON
,হৈছে,V
,।,।
Sentence: 313,তোমাৰ,PR
,একো,ADJ
,হোৱা,V
,নাই,V
,?,?
Sentence: 314,নাৰী,N
,:,:
,মোৰ,PR
,একো,ADJ
,হোৱা,V
,নাই,V
,।,।
Sentence: 315,সুখে-শান্তিৰে,ADJ
,সংসাৰ,N
,কৰিছোঁ,V
,",",","
,তোমাৰ,PR
,দৰে,ADJ
,স্বামীৰ,N
,গৃহিণী,N
,হৈ,V
,নিজকে,ADV
,ধন্য,ADJ
,মানিছোঁ,V
,মোৰ,PR
,আৰু,CON
,কি,CON
,হʼবলৈ,V
,আছে,V
,।,।
Sentence: 316,মোৰ,PR
,দৰে,ADJ
,স্বামী,N
,পাইছা,V
,",",","
,সেই,PR
,স্বামী,N
,পাবলৈ,V
,তোমাৰ,PR
,দৰে,ADJ
,এজনী,ADJ
,গৃহিণী,N
,হʼলেই,V
,যথেষ্ট,ADJ
,।,।
Sentence: 317,কিন্তু,CON
,মোক,PR
,পাবলৈ,V
,তুমি,PR
,কেতিয়াবা,ADV
,বিচাৰিছানে,V
,?,?
Sentence: 318,নাৰী,N
,:,:
,তুমি,PR
,তো,CON
,মোৰেই,PR
Sentence: 319,তোমাৰ,PR
,এই,PR
,বিশ্বাসেই,ADV
,যদি,CON
,কেতিয়াবা,ADV
,এদিন,ADJ
,এখন,ADJ
,চোকা,ADJ
,ছুৰী,N
,হৈ,V
,তোমাৰ,PR
,বুকুৰ,N
,পিনে,ADV
,আগুৱাই,N
,আহে,V
,।,।
Sentence: 320,নাৰী,N
,মানে,N
,নলিনী,N
,।,।
Sentence: 321,যদি,CON
,হঠাৎ,ADV
,তুমি,PR
,এদিন,ADJ
,জানি,V
,গʼলা,V
,মই,PR
,আৰু,CON
,তোমাৰ,PR
,হৈ,V
,থকা,V
,নাই,V
,।,।
Sentence: 322,নাৰী,N
,:,:
,নলিনী,N
,মনে মনে,ADV
,।,।
Sentence: 323,তেতিয়া,PR
,তোমাৰ,PR
,কি,CON
,অৱস্থা,N
,হʼব,V
,?,?
Sentence: 324,নাৰী,N
,:,:
,নলিনী,N
Sentence: 325,যদি,CON
,হঠাৎ,ADV
,তুমি,PR
,এদিন,ADJ
,জানি,V
,গʼলা,V
,",",","
,মই,PR
,কেনোবা,PR
,দীপালী,N
,মেঘালী,N
,বা,CON
,সোণালীৰ,N
,হৈ,V
,আছোঁ,V
,।,।
Sentence: 326,নাৰী,N
,:,:
,নলিনী,N
,চিঞৰি,V
,।,।
Sentence: 327,হেঃ,INT
,হাঁহে,V
,তেতিয়া,PR
,তোমাৰ,PR
,কি,CON
,অৱস্থা,N
,হʼব,V
,?,?
Sentence: 328,হাঃ,INT
,অণিমাই,N
,কান্দে,V
Sentence: 329,শংকা,N
,",",","
,ভয়,N
,",",","
,সন্দেহৰ,N
,জুইত,N
,প্ৰেমৰ,N
,ৰং,N
,উজ্জ্বল,ADJ
,হৈ,V
,থাকে,V
,।,।
Sentence: 330,সেইবিলাক,PR
,অলপ,ADJ
,মনৰ,N
,চুকত,N
,ৰাখিবা,V
,।,।
Sentence: 331,আৰু,CON
,এটা,ADJ
,কথা,N
,।,।
Sentence: 332,এটা,ADJ
,উদাহৰণেৰে,N
,কওঁ,V
,কথাটো,N
,।,।
Sentence: 333,ডেকা,ADJ
,ইঞ্জিনিয়াৰ,N
,দিলীপ,N
,বৰুৱাই,N
,সিদিনা,PR
,মাৰি,V
,অহা,V
,ৰঙা,ADJ
,টাইডালৰ,N
,নিচিনা,ADJ
,টাই,N
,এডাল,ADJ
,তুমি,PR
,মোকো,PR
,লʼবলৈ,V
,কওঁতে,V
,মই,PR
,যদি,CON
,সন্দেহ,N
,কৰোঁ,V
,মোৰ,PR
,ডিঙিত,N
,তেনে,PR
,এডাল,ADJ
,ৰঙা,ADJ
,টাইৰ,N
,মাজেৰে,N
,ক্ষন্তেকৰ,ADJ
,বাবে,CON
,হʼলেও,V
,তুমি,PR
,তোমাৰ,PR
,অৱচেতন,ADJ
,মনত,N
,দিলীপক,N
,লগ,V
,পোৱা,V
,",",","
,তেন্তে,ADV
,মোৰ,PR
,সেই,PR
,সন্দেহক,N
,ক্ষমা,N
,কৰিবা,V
,অʼ,CON
,ঘূৰি,V
,যাওঁ,V
,বʼলা,V
,অণিমা,N
,।,।
Sentence: 333,ঘৰলৈ,N
,গৈ,V
,তুমি,PR
,এই,PR
,কাপোৰযোৰ,N
,সলাব,V
,লাগিব,V
,আজি,PR
,মই,PR
,আনি,V
,থোৱা,V
,নতুন,ADJ
,কাপোৰযোৰ,N
,পিন্ধিবা,V
,",",","
,খুব,ADJ
,ধুনীয়াকৈ,ADJ
,পিন্ধি,V
,উঠি,V
,আমি,PR
,ওলাই,V
,যাম,V
,।,।
Sentence: 334,বাহিৰতেই,ADJ
,কʼৰবাত,PR
,ৰেষ্টোৰাঁত,N
,খাম,V
,আৰু,CON
,গাড়ী,N
,লৈ,V
,বহুত,ADJ
,দূৰলৈ,ADJ
,ওলাই,V
,যাম,V
,।,।
Sentence: 335,বহুত,ADJ
,নিশা,N
,যেতিয়া,PR
,ভাগৰ,N
,লাগিবগৈ,V
,",",","
,ঘূৰি,V
,আহিম,V
,",",","
,আজি,PR
,আমাৰ,PR
,বিবাহবাৰ্ষিকী,ADJ
,আছিল,V
,।,।
Sentence: 336,গৃহিণী,N
,নহয়,V
,",",","
,তুমি,PR
,আজি,PR
,মোৰ,PR
,প্ৰিয়তমা,ADJ
,পত্নী,N
,।,।
Sentence: 337,বʼলা,V
,ঘূৰি,V
,যাওঁ,V
Sentence: 338,নলিনীয়ে,N
,অণিমাক,N
,ধৰি,V
,তৃতীয়,ADJ
,মঞ্চইদি,N
,নমাই,V
,দিয়ে,V
,আৰু,CON
,নিজে,PR
,সেই,PR
,মঞ্চতে,N
,দৰ্শকৰ,N
,পিনে,ADV
,পিঠি,N
,দি,V
,জঠৰ,N
,হৈ,V
,বহি,V
,পৰে,V
,।,।
Sentence: 339,মধ্যম,ADJ
,মঞ্চইদি,N
,নবীন,N
,আৰু,CON
,ধীৰেন,N
,উঠি,V
,আহে,V
,।,।
Sentence: 340,নবীনে,N
,চিলিম,N
,টানি টানি,ADV
,আহে,V
,।,।
Sentence: 341,ধীৰেন,N
,বিয়া,N
,কাৰ,CON
,?,?
Sentence: 342,এটা,ADJ
,আৰু,CON
,নাইবা,CON
,এটা,ADJ
,আৰু,CON
,দুটা,ADJ
,মিলন,N
,উৰ্বৰতা,ADJ
,প্ৰাপ্তি,N
,",",","
,ভ্ৰূণ,N
,সৃষ্টি,N
,",",","
,জীৱনৰ,N
,অংকুৰণ,N
,",",","
,জন্ম,N
,",",","
,বিকাশ,N
,।,।
Sentence: 343,বিয়া,N
,ধীৰেন,N
,পাত,V
,",",","
,ঘৰ-সংসাৰ,N
,কৰ,V
,",",","
,লʼৰা-ছোৱালী,N
,জন্ম,N
,দে,V
,শিশু,N
,",",","
,শিশুৰপৰা,N
,মানুহ,N
,",",","
,মানুহৰপৰা,N
,ব্যক্তি,N
,",",","
,মানুহ,N
,জন্ম,N
,দে,V
,মানুহ,N
,",",","
,ব্যক্তিৰপৰা,N
,পৰিয়াল,N
,",",","
,পৰিয়ালৰপৰা,N
,সমাজ,N
,",",","
,সমাজৰপৰা,N
,ৰাষ্ট্ৰ,N
,।,।
Sentence: 344,ব্যক্তি-পৰিয়াল,N
,",",","
,সমাজ-ৰাষ্ট্ৰ,N
,",",","
,আদৰ্শ,N
,ৰাষ্ট্ৰৰ,N
,কাৰণে,CON
,আদৰ্শ,N
,সমাজৰ,N
,প্ৰয়োজন,N
,আদৰ্শ,N
,সমাজ,N
,হʼব,V
,আদৰ্শ,N
,পৰিয়ালৰ,N
,পৰা,V
,আদৰ্শ,N
,পৰিয়ালৰ,N
,কাৰণে,CON
,লাগে,V
,আদৰ্শ,N
,ব্যক্তি,N
,কিন্তু,CON
,আদৰ্শ,N
,ব্যক্তি.,N
,সৃষ্টি,N
,হʼব,V
,কেনেকৈ,ADV
,?,?
,বিয়াক,N
,আদৰ্শ,N
,ব্যক্তি,N
,সৃষ্টিৰ,N
,অনুষ্ঠান,N
,কৰিব,V
,লাগিব,V
,।,।
Sentence: 345,বিয়া,N
,আইনসিদ্ধ,N
,নাৰীসংগম,N
,"শিশু-জন্ম,",N
,ব্যক্তি জন্ম,N
,কাৰ্লমাৰ্ক্সে,N
,কৈছিল,V
,সন্দেহ,N
,নাই,V
,যে,CON
,আন,ADJ
,প্ৰাণীবোৰেও,N
,সৃষ্টি,N
,কৰে,V
,।,।
Sentence: 346,মৌ,N
,পৰুৱা,N
,আদিয়েও,CON
,বাহ,N
,সাজে,V
,।,।
Sentence: 347,কিন্তু,CON
,সিহঁতে,PR
,নিজৰ,PR
,বা,CON
,সতি-সন্তানৰ,N
,নিজস্ব,ADJ
,ব্যৱহাৰিক,N
,প্ৰয়োজনবোৰ,N
,পূৰাবলৈহে,V
,মাত্ৰ,ADJ
,সৃষ্টি,N
,কৰে,V
,।,।
Sentence: 348,কিন্তু,CON
,মানুহে,N
,সৃষ্টি,N
,কৰে,V
,।,।
Sentence: 349,মানুহে,N
,সৃষ্টি,N
,কৰে,V
,স্থূল,N
,প্ৰয়োজনবোৰৰ,N
,পৰা,PREP
,মুক্ত,N
,।,।
Sentence: 350,কিন্তু,CON
,মই,PR
,এক,ADJ
,জাৰজ,ADJ
,সন্তানৰ,N
,পিতৃ,N
,।,।
Sentence: 351,মই,PR
,এক,ADJ
,অবিবাহিত,ADJ
,পিতৃ,N
,আদৰ্শ,N
,ব্যক্তি,N
,সৃষ্টিৰ,N
,অস্বীকাৰ,ADJ
,কৰিও,V
,মই,PR
,এজন,ADJ
,আদৰ্শ,N
,পিতৃ,N
,।,।
Sentence: 352,এৰিয়া,N
,এৰেণবুৰ্গৰ,N
,ভাষাৰে,N
,এখন,ADJ
,নতুন,ADJ
,সমাজৰ,N
,মানুহে,N
,প্ৰকৃত,ADJ
,মানুহ,N
,",",","
,যি,PR
,এক,ADJ
,জটিল,ADJ
,সমৃদ্ধ,ADJ
,আৰু,CON
,পৰিপূৰ্ণ,N
,জীৱন,N
,যাপন,N
,কৰে,V
,",",","
,তেন্তে,ADV
,মানুহৰ,N
,কাৰণে,CON
,এটা,ADJ
,জটিল,ADJ
,কাম,N
,আমাৰ,PR
,কান্ধত,N
,পৰিছে,V
,।,।
Sentence: 353,মা,N
,তোমালৈ,PR
,মোৰ,PR
,মনত,N
,পৰিছে,V
,।,।
Sentence: 354,প্ৰায়েই,ADV
,মই,PR
,ৰাত্ৰি,N
,যাপন,N
,কৰিবলৈ,V
,যোৱা,V
,মোৰ,PR
,সেই,PR
,তিৰোতাজনীলৈ,N
,মনত,N
,পৰিছে,V
,।,।
Sentence: 355,চিমিল,N
,টানি,V
,আহি,V
,থকা,V
,অৱস্থাতে,N
,নলিনী,N
,আৰু,CON
,কমললৈ,N
,চাই,V
,।,।
Sentence: 356,এই,PR
,নলিনীও,N
,মৰিল,V
,দেই,V
,",",","
,সেইটো,PR
,তয়ে,PR
,ময়েহে,PR
,ৰৈছোঁ,V
,আমি,PR
,দুটা,ADJ
,অন্ততঃ,CON
,ধৈৰ্য্য,N
,ধৰি,V
,সবল,ADJ
,হৈ,V
,থাকিব,V
,লাগিল,V
,।,।
Sentence: 357,নহয়,V
,জানো,CON
,ধীৰেন,N
,?,?
Sentence: 358,তোৰ,PR
,বেয়া,ADJ
,লাগিছে,V
,নেকি,CON
,?,?
Sentence: 359,তোৰ,PR
,আকৌ,ADV
,সমাজ,N
,সংস্কাৰকৰ,N
,নাকটোৰে,N
,ফুটা,N
,দুটাও,ADJ
,ডাঙৰ,ADJ
,",",","
,অলপতে,ADJ
,দুৰ্গন্ধ,ADJ
,পাৱ,V
,।,।
Sentence: 360,গা-মন,N
,বেয়া,ADJ
,লাগিছে,V
,যদি,CON
,হোঁ,CON
,এক,ADJ
,চিলিম,N
,টানি,V
,দে,V
Sentence: 361,নালাগে,V
,",",","
,মই,PR
,ঠিকেই,ADJ
,আছোঁ,V
Sentence: 362,অলপ,ADJ
,সময়,N
,অপেক্ষা,N
,কৰিলেও,V
,।,।
Sentence: 363,তই,PR
,নাটন,V
,যদি,CON
,ময়ে,PR
, অকলে অকলে,ADV
,টানি,V
,থাকোঁ,V
,।,।
Sentence: 364,গাঞ্জা,N
,এতিয়াও,ADV
,অলপ,ADJ
,আছে,V
,।,।
Sentence: 365,কাম,N
,আৰম্ভ,N
,হʼলে,V
,আৰু,CON
,গাঞ্জা,N
,খোৱাৰ,V
,সময়,N
,নহʼব,V
,।,।
Sentence: 366,নবীনে,N
,আকৌ,ADV
,চিলিম,N
,টানিবলৈ,V
,ধৰে,V
,।,।
Sentence: 367,আৰু,CON
,কিমান,ADJ
,টান,V
,অ,CON
,",",","
,মূৰ,N
,ঠিক,ADJ
,নাথাকিব,V
,।,।
Sentence: 368,এৰা,CON
,হয়,V
,দে,V
,",",","
,সেইটোও,PR
,ঠিক,ADJ
,কৈছ,V
,",",","
,বহুত,ADJ
,বেছি,ADJ
,টান,V
,হৈছে,V
,আজি,PR
,বেলেঞ্চ,ADJ
,ৰাখিব,V
,নোৱাৰা,V
,যেন,ADJ
,লাগিছে,V
,",",","
,এতিয়া,ADV
,সময়ো,N
,ওচৰ,PREP
,চাপি,V
,আহিছে,V
,।,।
Sentence: 369,শেষ,ADJ
,সময়ত,N
,ব্ৰেইন,N
,ফেল,N
,মাৰিব,V
,লাগিলে,V
,সৰ্বনাশ,N
,হʼব,V
,ধীৰেন,N
,",",","
,এটা,ADJ
,কাম,N
,কৰোঁ,V
,অলপ,ADJ
,বেলেঞ্চৰ,ADJ
,অভ্যাস,N
,কৰি,V
,থাকোঁ,V
,কি,CON
,কৱ,V
,?,?
Sentence: 370,প্ৰথমে,ADJ
,মই,PR
,কৰোঁ,V
,",",","
,তাৰ,PR
,পিছত,ADJ
,তই,PR
,।,।
Sentence: 371,নবীন,N
,পিছুৱাই পিছুৱাই,ADV
,খোজকাঢ়ি,V
,প্ৰথম,ADJ
,মঞ্চলৈ,N
,যায়,V
,আৰু,CON
,তোৰণৰ,N
,ভিতৰ,PREP
,সোমায়,V
,।,।
Sentence: 372,ক্ষন্তেক,ADJ
,নীৰৱে,ADJ
,পাৰ,V
,হয়,V
,।,।
Sentence: 373,লাহে লাহে,ADV
,চতুৰ্থ,ADJ
,মঞ্চত,N
,পোহৰ,ADJ
,পৰে,V
,আৰু,CON
,তোৰণৰ,N
,ভিতৰৰ,N
,পৰা,PREP
,সেই,PR
,মঞ্চলৈ,N
,নাৰী,N
,মাতৃবেশত,ADJ
,উঠি,V
,আহে,V
,।,।
Sentence: 374,ধীৰেন,N
,সেইপিনে,PR
,আগুৱাই,N
,যায়,V
Sentence: 375,মা,N
,মোৰ,PR
,বৰ,ADJ
,ভয়,ADJ
,লাগিছে,V
,বৰ,ADJ
,ভয়,ADJ
,লাগিছে,V
,মই,PR
,কʼলোঁ,V
Sentence: 376,ভয়,ADJ
,নাই,V
,বাচা,N
,একো,ADJ
,ভয়,ADJ
,নাই,V
,",",","
,মোৰ,PR
,বুকুৰ,N
,কাষত,N
,থাকিলে,V
,একো,ADJ
,ভয়,ADJ
,নাই,V
,।,।
Sentence: 377,ধীৰেন,N
,:,:
,মায়ে,N
,কʼলে,V
Sentence: 378,নিশাৰ,N
,ঘন,ADJ
,আন্ধাৰত,N
,",",","
,জিপ্‌জিপীয়া,ADJ
,বৰষুণত,N
,তিতি,V
,",",","
,পুলিচ,N
,আৰু,CON
,চি আই ডিৰ,N
,চোকা,ADJ
,দৃষ্টিৰপৰা,N
,পলাই,V
,শেষবাৰৰ,ADJ
,কাৰণে,CON
,গোপনে,ADV
,মই,PR
,এবাৰ,ADV
,মাক,N
,দেখা,V
,কৰিবলৈ,V
,আহিলোঁ,V
,।,।
Sentence: 379,বহুত,ADJ
,দিনৰ,N
,মূৰত,ADJ
,গাঁৱে-ভূঞে,N
,",",","
,পৰ্বতে-পাহাৰে,N
,",",","
,নগৰে-চহৰে,N
,পলাই,V
,ফুৰোঁতে,V
,কতসাঁজ,N
,একো,ADJ
,নজ্বলোৱাকৈ,V
,মাত্ৰ,ADJ
,মমৰ,N
,পোহৰত,ADJ
,মায়ে,N
,লৰালৰিকৈ,N
,খিচিৰী,N
,ৰান্ধি,V
,মোক,PR
,খাবলৈ,V
,।,।
Sentence: 380,মোৰ,PR
,কাষতে,ADJ
,বহি,V
,",",","
,ঘৰৰ,N
,গাখীৰেৰে,N
,মাখন,N
,তুলি,V
,কৰা,V
,ঘিউ,N
,বাটিত,N
,গৰম,ADJ
,কৰি,V
,চামুচেৰে,N
,খিচিৰীত,N
,ঢালি,V
,দি,V
,থাকিল,V
,।,।
Sentence: 381,উশাহ,N
,নসলোৱাকৈ,V
,ঘৰৰ,N
,",",","
,পৰিয়ালৰ,N
,",",","
,আত্মীয়-কুটুম্বৰ,N
,",",","
,ওচৰ-চুবুৰীয়াৰ,N
,প্ৰত্যেকৰে,ADJ
,বিশেষ,ADV
,খবৰবোৰ,N
,হৰহৰকৈ,ADV
,কৈ,V
,যাবলৈ,V
,ধৰিলে,V
,।,।
Sentence: 382,মাজে মাজে,ADV
,কথাৰ,N
,আঁত,N
,হেৰাই,V
,একোটা,ADJ
,দীঘল,ADJ
,হুমুনিয়াহ,N
,পেলায়,V
,।,।
Sentence: 383,নিজে,PR
,নজনাকৈ,V
,মাৰ,N
,চকুৰপৰা,N
,মমৰ,N
,জুইত,N
,লোতক,N
,সৰি,V
,।,।
Sentence: 384,ফৰফৰকৈ,ADV
,শব্দ,N
,কৰি,V
,মমৰ,N
,পোহৰখিনি,ADJ
,কঁপি,V
,।,।
Sentence: 385,বটুৱাটোৰ,N
,শেষ,ADJ
,খিচিৰীখিনি,N
,চুঁচি,V
,কাঁহিখনত,N
,দি,V
,",",","
,বাটিটোত,N
,থকা,V
,গোটেইখিনি,ADJ
,ঘিউ,N
,তাতে,PR
,ঢালি,V
,দি,V
,মায়ে,N
,কʼলে,V
,।,।
Sentence: 386,বাচা ধীৰু,N
,",",","
,আজি,PR
,আকৌ,ADV
,এবাৰ,ADJ
,তোক,PR
,কওঁ,V
,",",","
,মোৰ,PR
,কথা,N
,শুনিবি,V
,?,?
Sentence: 387,ধীৰেন,N
,:,:
,কোৱা,V
,।,।
Sentence: 388,মই,PR
,বুজিছিলো,V
,",",","
,মায়ে,N
,কি,CON
,কʼব,V
,।,।
Sentence: 389,পথ,N
,আৰু,CON
,এৰি,V
,দে,V
,।,।
Sentence: 390,মা,N
,",",","
,এই,PR
,যে,CON
,মাজৰাতি,N
,খিচিৰীখিনি,N
,ৰান্ধি,V
,তুমি,PR
,মোক,PR
,খাবলৈ,V
,দিলা,V
,",",","
,এইখিনি,PR
,খুৱাই,V
,এতিয়া,ADV
,মোৰ,PR
,পথেদি,N
,আৰু,CON
,বহুত,ADJ
,দূৰ,ADJ
,আগুৱাই,N
,যাবলৈ,V
,তুমি,PR
,মোক,PR
,শক্তি,N
,দিলা,V
,।,।
Sentence: 391,তুমি,PR
,মুখেৰে,N
,এই,PR
,পথ,N
,এৰি,V
,দিবলৈ,V
,কʼলে,V
,কি,CON
,হʼব,V
,",",","
,মই,PR
,জানো,V
,নহয়,V
,মা,N
,তুমি,PR
,আচলতে,ADJ
,কি,CON
,বিচাৰা,V
,।,।
Sentence: 392,ধেমালি,N
,নকৰ,V
,ধীৰু,N
,",",","
,তোৰ,PR
,কিবা,ADJ
,এটা,ADJ
,হʼলে,V
,মোৰ,PR
,কি,CON
,হʼব,V
,?,?
Sentence: 393,তই,PR
,মোৰ,PR
,একেটা,ADJ
,লʼৰা,N
,।,।
Sentence: 394,মা,N
,তুমি,PR
,কেতিয়াৰপৰা,PR
,ইমান,PR
,স্বাৰ্থপৰ,N
,হʼলা,V
,?,?
Sentence: 395,তেমাৰ,PR
,দেখোঁন,CON
,কেবাশও,ADJ
,লʼৰা-ছোৱালী,N
,আছে,V
,।,।
Sentence: 396,আজি,PR
,আবেলি,N
,আৰু,CON
,চাৰিটা,ADJ
,লʼৰা,N
,আৰু,CON
,দুজনী,ADJ
,ছোৱালীয়ে,N
,সক্ৰিয়ভাৱে,ADJ
,নামভৰ্তি,N
,কৰিছে,V
,।,।
Sentence: 397,মুঠ,ADV
,পাঁচশ ছজন,N
,হৈছে,V
,।,।
Sentence: 398,সঁচা,N
,কথা,N
,তহঁতৰ,PR
,প্ৰত্যেকেই,ADJ
,মোৰ,PR
,সন্তান,N
,আৰু,CON
,সেই,PR
,কাৰণেই,CON
,তহঁত,PR
,আটাইবিলাকেই,ADJ
,এই,PR
,পথৰপৰা,N
,আঁতৰি,ADJ
,।,।
Sentence: 399,আহ,V
,মই,PR
,তাকে,PR
,বাঞ্ছা,ADJ
,কৰোঁ,V
,।,।
Sentence: 400,তহঁতৰ,PR
,এই,PR
,পথ,N
,মই,PR
,শুদ্ধ,N
,বুলি,CON
,মানি,V
,লʼব,V
,নোৱাৰোঁ,V
,।,।
Sentence: 401,চোৱা,V
,মা,N
,আমাৰ,PR
,লক্ষ্য,N
,আমূল,ADJ
,পৰিৱৰ্তন,N
,গুৰিৰ,N
,শিপাৰ,N
,সৈতে,PREP
,উঘালি,V
,পেলোৱা,V
,।,।
Sentence: 402,মাত্ৰ,ADJ
,ডাল-পাত,N
,কাটি,V
,",",","
,কলম,N
,দি,V
,নতুন,ADJ
,ৰূপ,N
,দিয়াৰ,V
,নীতি,N
,নহয়,V
,।,।
Sentence: 403,আমি,PR
,পুৰণি,ADJ
,গছজোপা,N
,গুৰিশিপাৰে,N
,সৈতে,PREP
,উঘালি,V
,এজোপা,ADJ
,নতুন,ADJ
,গছ ৰুম,N
,।,।
Sentence: 404,ডাল-পাত,N
,কটা,V
,",",","
,কলম,N
,দিয়া,V
,পানী-সাৰ,N
,দিয়া,V
,কাম,N
,বুদ্ধি-কৌশলৰ,N
,লগতে,PREP
,শক্তি,N
,প্ৰয়োগ,N
,হʼব,V
,লাগিব,V
,।,।
Sentence: 405,আৰু,CON
,গছজোপা,N
,উঘালি,V
,মাটিত,N
,পৰোঁতে,V
,দুই-চাৰিটা,ADJ
,প্ৰাণী,N
,নাশ,ADJ
,হʼবই,V
,।,।
Sentence: 406,তাত,PR
,অনুকম্পাৰ,N
,স্থান,N
,নাই,V
,নাৰী,N
,বাৰু,CON
,এটা,ADJ
,কথা,N
,সোধোঁ,V
,বাচা,N
,।,।
Sentence: 407,ধীৰেন,N
,:,:
,কি,CON
,মা,N
,?,?
Sentence: 408,তোক,PR
,যদি,CON
,হঠাৎ,ADV
,পুলিচে,N
,কʼৰবাত,PR
,ধৰি,V
,পেলায়,V
,",",","
,তোৰ,PR
,কি,CON
,শাস্তি,N
,হʼব,V
,পাৰে,V
,?,?
Sentence: 409,তেনেহʼলে,ADV
,",",","
,আকৌ,ADV
,যদি,CON
,জেলৰপৰা,N
,বা,CON
,পুলিচৰ,N
,হাতৰপৰা,N
,সোনকালেই,ADV
,পলাই,V
,আহিব,V
,নোৱাৰোঁ,V
,তেন্তে,ADV
,চৰম,ADJ
,পৰিণতিৰ,N
,কাৰণে,CON
,তুমি,PR
,মনক,N
,সাজু,N
,কৰি,V
,ৰাখিবা,V
,মা,N
,।,।
Sentence: 410,নাৰী,N
,:,:
,চৰম,ADJ
,পৰিণতি,N
,।,।
Sentence: 411,ধীৰেন,N
,:,:
,মৃত্যু,N
,ফাঁচী,N
Sentence: 412,নাৰী,N
,:,:
,ফাঁচী,N
,!,!
Sentence: 413,ওঁ,CON
,",",","
,মা,N
,তাতকৈ,PR
,কম,ADJ
,শাস্তি,N
,মোৰ,PR
,নহʼব,V
,।,।
Sentence: 414,কিন্তু,CON
,মা,N
,",",","
,মই,PR
,ধৰা,V
,পৰিলে,V
,তোমাৰ,PR
,আৰু,CON
,বহুত,ADJ
,সন্তান,N
,থাকিব,V
,।,।
Sentence: 415,সিহঁতকো,PR
,সদায়,ADV
,মোক,PR
,কৰাৰ,V
,দৰেই,CON
,আশীৰ্বাদ,N
,কৰিবা,V
,।,।
Sentence: 416,কেতিয়াবা,ADV
,কোনো,PR
,এটা,ADJ
,হঠাৎ,ADV
,ওলালেহি,V
,লৰালৰিকৈ,N
,খিচিৰীকে,N
,এসাঁজ,ADJ
,ৰান্ধি,V
,খুবাৱা,V
,।,।
Sentence: 417,জানা,CON
,মা,N
,আমাৰ,PR
,কিমান,ADJ
,কষ্টৰ,N
,জীৱন,N
,মই,PR
,আৰু,CON
,পলম,ADJ
,নকৰোঁ,V
,মা,N
,।,।
Sentence: 418,ৰাতিপুৱাৰ,N
,আগতেই,N
,মই,PR
,এই,PR
,নগৰ,N
,এৰি,V
,গাঁৱত,N
,সোমাবগৈ,V
,লাগিব,V
,।,।
Sentence: 419,নাৰী,N
,আজিকালি,PR
,পুলিচবিলাক,N
,ঘনাই ঘনাই,ADV
,আমাৰ,PR
,ঘৰলৈ,N
,অহা,V
,হৈছে,V
,।,।
Sentence: 420,মোৰ,PR
,যে,CON
,অনবৰত,ADJ
,বুকুখন,N
,ধপধপাই,ADV
,থাকে,V
,।,।
Sentence: 421,সাহ,N
,বান্ধি,V
,থাকিবা,V
,মা,N
,।,।
Sentence: 422,আমাৰ,PR
,দলৰ,N
,শক্তি,N
,যিমানেই,ADJ
,বৃদ্ধি,N
,পাইছে,V
,",",","
,সিমানেই,ADJ
,পুলিচৰ,N
,সৰ্তকতাও,V
,বৰকৈ,ADJ
,বৃদ্ধি,N
,পাইছে,V
,।,।
Sentence: 423,কেবাজনো,ADJ
,কমৰেড,N
,ধৰা,V
,পৰিছে,V
,।,।
Sentence: 424,ময়ো,PR
,কোনোবাদিনা,PR
,ধৰা,V
,পৰি,V
,যাব,V
,পাৰোঁ,V
,।,।
Sentence: 425,তুমি,PR
,আজি,PR
,মোক,PR
,তোমাৰ,PR
,মন,N
,সাহসেৰে,N
,পূৰ্ণ,ADJ
,কৰি,V
,আশীৰ্বাদ,N
,দিয়া,V
,",",","
,আমাৰ,PR
,যাত্ৰা,N
,জয়,N
,হওক,V
,।,।
Sentence: 426,মা,N
,:,:
,বাচা,N
,বাচা,N
,মোৰ,PR
Sentence: 427,মাক,N
,সেৱা,N
,এটা,ADJ
,কৰিবলৈ,V
,ধৰোঁতেই,V
,হঠাৎ,ADV
,বাটত,N
,পুলিচৰ,N
,হুইচেল,N
,বাজি,V
,উঠিল,V
,।,।
Sentence: 428,মই,PR
,জাঁপ,N
,মাৰি,V
,উঠিলোঁ,V
,।,।
Sentence: 429,মায়ে,PR
,সাবটি,ADJ
,ধৰিলে,V
,।,।
Sentence: 430,মাৰ,N
,বুকুৰ,N
,মাজৰপৰা,PREP
,বেগাই,ADV
,ওলাই,V
,পিছফালৰ,ADJ
,দুৱাৰেদি,N
,বাৰাণ্ডাত,N
,থিয়,ADJ
,হʼলোঁ,V
,।,।
Sentence: 431,বাৰীখনৰ,N
,মাজেৰে,ADV
,যোৱা,V
,আলিটোলৈ,N
,নামি,V
,গʼলোঁ,V
,।,।
Sentence: 432,মায়ে,N
,মমডাল,N
,নুমাই,V
,দিলে,V
,।,।
Sentence: 433,চতুৰ্থ,ADJ
,মঞ্চত,N
,পোহৰ,ADJ
,নোহোৱা,V
,হয়,V
,।,।
Sentence: 434,আকৌ,ADV
,আগৰ,N
,দৰে,ADJ
,ক্ষীণ,ADJ
,পোহৰ,ADJ
,হয়,V
,।,।
Sentence: 435,চতুৰ্থ,ADJ
,মঞ্চত,N
,দৰ্শকৰ,N
,পিনে,ADV
,পিঠি,N
,দি,V
,ধীৰেন,N
,জঠৰ,N
,হৈ,V
,বহি,V
,থাকে,V
,।,।
Sentence: 436,লাহে লাহে,ADV
,মধ্যম,ADJ
,মঞ্চলৈ,N
,নবীন,N
,ভিতৰৰ,PREP
,পৰা,PREP
,চিলিম,N
,টানি,V
,উঠি,V
,আহে,V
,।,।
Sentence: 437,নবীন,N
,:,
,মাতৃ,N
,যা,CON
,দেৱী,N
,সৰ্বভূতেষু,ADJ
,মাতৃ,N
,ৰূপেন,N
,সংস্থিতা,ADJ
,।,।
Sentence: 438,মাতৃ,N
,যা,CON
,দেৱী,N
,সৰ্বভূতেষু,ADJ
,চেতনা,N
,ইতি,CON
,অভিধিয়তে,N
,মোৰ,PR
,তেতিয়া,PR
,চৈধ্য,ADJ
,বছৰ,N
,বয়স,N
,।,।
Sentence: 439,মই,PR
,সৰুৰেপৰা,ADJ
,ভীষণ,ADJ
,উদণ্ড,ADJ
,আছিলোঁ,V
,।,।
Sentence: 440,আৰু,CON
,মা-দেউতাৰপৰা,N
,পাইছিলোঁ,V
,মোৰ,PR
,প্ৰতি,ADJ
,কাম,N
,আৰু,CON
,কথাতে,N
,বাধা,V
,।,।
Sentence: 441,মোৰ,PR
,অত্যাচাৰত,ADJ
,মা-দেউতা,N
,অতিষ্ঠ,ADJ
,হৈ,V
,উঠিছিল,V
,।,।
Sentence: 442,মই,PR
,ক্লাছ,N
,এইটৰ,ADJ
,লʼৰা,N
,।,।
Sentence: 443,নাইনৰ,N
,লʼৰাবিলাকে,N
,আমাৰ,PR
,ক্লাছৰ,N
,লʼৰাবিলাকক,N
,মাইকী,N
,বুলি,CON
,কোৱাত,V
,মই,PR
,অকলেই,ADV
,গৈ,V
,বাটত,N
,ধৰি,V
,সিহঁতৰ,PR
,লীডাৰটোক,N
,দোঘোচা,N
,লগাওঁতেই,V
,সি,PR
,ভয়ত,N
,দৌৰ,V
,মাৰি,V
,গৈ,V
,জোৰত,ADJ
,আহি,V
,থকা,V
,এখন,ADJ
,মটৰৰ,N
,সমুখত,PREP
,পৰিল,V
,আৰু,CON
,মূৰত,N
,অতি,ADJ
,বেয়াকৈ,ADJ
,আঘাত,N
,পালে,V
,।,।
Sentence: 444,নিশা,N
,সৰু,ADJ
,ভনীজনীয়ে,N
,আহি,V
,খবৰ,N
,দিলে,V
,হস্পিটেলত,N
,লʼৰাটো,N
,ঢুকাল,V
,।,।
Sentence: 445,পুৱা,N
,নিশা,N
,ঘৰৰপৰা,N
,গোপনে,ADV
,ওলাই,V
,আহিলোঁ,V
,।,।
Sentence: 446,ৰেʼল,N
,ষ্টেচনৰ,N
,পিনে,ADV
,আগুৱাই,N
,গʼলোঁ,V
,নামনিমুবা,N
,এখন,ADJ
,ৰেʼলত,N
,উঠি,V
,পিছদিনা,ADJ
,আহি,V
,এই,PR
,চহৰখনত,N
,নামি,V
,দিলোঁ,V
,।,।
Sentence: 447,তেতিয়াৰপৰা,PR
,মোৰ,PR
,এক,ADJ
,গৃহহাৰা,ADJ
,জীৱন,N
,।,।